-- MySQL dump 10.13  Distrib 8.0.15, for macos10.14 (x86_64)
--
-- Host: 127.0.0.1    Database: empacadoralitoral
-- ------------------------------------------------------
-- Server version	8.0.15

/*!40101 SET @OLD_CHARACTER_SET_CLIENT=@@CHARACTER_SET_CLIENT */;
/*!40101 SET @OLD_CHARACTER_SET_RESULTS=@@CHARACTER_SET_RESULTS */;
/*!40101 SET @OLD_COLLATION_CONNECTION=@@COLLATION_CONNECTION */;
 SET NAMES utf8 ;
/*!40103 SET @OLD_TIME_ZONE=@@TIME_ZONE */;
/*!40103 SET TIME_ZONE='+00:00' */;
/*!40014 SET @OLD_UNIQUE_CHECKS=@@UNIQUE_CHECKS, UNIQUE_CHECKS=0 */;
/*!40014 SET @OLD_FOREIGN_KEY_CHECKS=@@FOREIGN_KEY_CHECKS, FOREIGN_KEY_CHECKS=0 */;
/*!40101 SET @OLD_SQL_MODE=@@SQL_MODE, SQL_MODE='NO_AUTO_VALUE_ON_ZERO' */;
/*!40111 SET @OLD_SQL_NOTES=@@SQL_NOTES, SQL_NOTES=0 */;

--
-- Dumping data for table `auth_group`
--

LOCK TABLES `auth_group` WRITE;
/*!40000 ALTER TABLE `auth_group` DISABLE KEYS */;
INSERT INTO `auth_group` VALUES (3,'descabezado'),(7,'Javier'),(6,'Jorge'),(4,'prueba2'),(1,'pruebaEditar'),(5,'pruebaMaziza'),(2,'Supervisor de hielo');
/*!40000 ALTER TABLE `auth_group` ENABLE KEYS */;
UNLOCK TABLES;

--
-- Dumping data for table `auth_group_permissions`
--

LOCK TABLES `auth_group_permissions` WRITE;
/*!40000 ALTER TABLE `auth_group_permissions` DISABLE KEYS */;
INSERT INTO `auth_group_permissions` VALUES (1,1,105),(2,1,106),(3,1,107),(4,1,108),(5,1,154),(235,2,25),(236,2,26),(234,2,28),(232,2,29),(233,2,30),(231,2,32),(225,2,33),(226,2,34),(224,2,36),(259,2,45),(247,2,46),(245,2,48),(243,2,53),(244,2,54),(241,2,56),(49,2,65),(50,2,66),(48,2,68),(238,2,77),(239,2,78),(240,2,79),(237,2,80),(35,2,89),(38,2,90),(34,2,92),(30,2,105),(31,2,106),(33,2,107),(28,2,108),(44,2,121),(46,2,122),(43,2,124),(41,2,145),(40,2,146),(39,2,148),(32,2,154),(261,2,155),(262,2,156),(266,2,158),(265,2,159),(263,2,160),(29,2,161),(36,2,162),(37,2,163),(42,2,166),(47,2,167),(45,2,168),(223,2,169),(227,2,170),(242,2,171),(264,2,172),(73,3,1),(74,3,2),(75,3,3),(76,3,4),(77,3,5),(78,3,6),(79,3,7),(80,3,8),(81,3,9),(82,3,10),(83,3,11),(84,3,12),(85,3,13),(86,3,14),(87,3,15),(88,3,16),(89,3,17),(90,3,18),(91,3,19),(92,3,20),(93,3,21),(94,3,22),(95,3,23),(96,3,24),(97,3,25),(98,3,26),(99,3,27),(100,3,28),(101,3,29),(102,3,30),(103,3,31),(104,3,32),(105,3,33),(106,3,34),(107,3,35),(108,3,36),(109,3,37),(110,3,38),(111,3,39),(112,3,40),(113,3,41),(114,3,42),(115,3,43),(116,3,44),(117,3,45),(118,3,46),(119,3,47),(120,3,48),(121,3,49),(122,3,50),(123,3,51),(124,3,52),(125,3,53),(126,3,54),(127,3,55),(128,3,56),(129,3,57),(130,3,58),(131,3,59),(132,3,60),(133,3,61),(134,3,62),(135,3,63),(136,3,64),(137,3,65),(138,3,66),(139,3,67),(140,3,68),(141,3,69),(142,3,70),(143,3,71),(144,3,72),(145,3,73),(146,3,74),(147,3,75),(148,3,76),(149,3,77),(150,3,78),(151,3,79),(152,3,80),(153,3,81),(154,3,82),(155,3,83),(156,3,84),(157,3,85),(158,3,86),(159,3,87),(160,3,88),(161,3,89),(162,3,90),(163,3,91),(164,3,92),(165,3,93),(166,3,94),(167,3,95),(168,3,96),(169,3,97),(170,3,98),(171,3,99),(172,3,100),(173,3,101),(174,3,102),(175,3,103),(176,3,104),(177,3,105),(178,3,106),(179,3,107),(180,3,108),(181,3,109),(182,3,110),(183,3,111),(184,3,112),(185,3,113),(186,3,114),(187,3,115),(188,3,116),(62,3,117),(63,3,118),(64,3,119),(65,3,120),(66,3,121),(67,3,122),(68,3,123),(69,3,124),(70,3,125),(71,3,126),(72,3,127),(51,3,128),(52,3,129),(53,3,130),(54,3,131),(55,3,132),(56,3,133),(57,3,134),(58,3,135),(59,3,136),(189,3,137),(190,3,138),(191,3,139),(192,3,140),(193,3,141),(194,3,142),(195,3,143),(196,3,144),(197,3,145),(198,3,146),(199,3,147),(200,3,148),(201,3,149),(202,3,150),(203,3,151),(204,3,152),(205,3,153),(206,3,154),(207,3,155),(208,3,156),(209,3,157),(210,3,158),(211,3,159),(212,3,160),(213,3,161),(214,3,162),(215,3,163),(216,3,164),(217,3,165),(218,3,166),(60,3,167),(61,3,168),(248,4,1),(249,4,2),(250,4,3),(251,4,4),(252,5,1),(253,5,2),(255,6,77),(256,6,78),(257,6,79),(254,6,80),(258,7,1);
/*!40000 ALTER TABLE `auth_group_permissions` ENABLE KEYS */;
UNLOCK TABLES;

--
-- Dumping data for table `auth_permission`
--

LOCK TABLES `auth_permission` WRITE;
/*!40000 ALTER TABLE `auth_permission` DISABLE KEYS */;
INSERT INTO `auth_permission` VALUES (1,'Can add log entry',1,'add_logentry'),(2,'Can change log entry',1,'change_logentry'),(3,'Can delete log entry',1,'delete_logentry'),(4,'Can view log entry',1,'view_logentry'),(5,'Can add permission',2,'add_permission'),(6,'Can change permission',2,'change_permission'),(7,'Can delete permission',2,'delete_permission'),(8,'Can view permission',2,'view_permission'),(9,'Can add group',3,'add_group'),(10,'Can change group',3,'change_group'),(11,'Can delete group',3,'delete_group'),(12,'Can view group',3,'view_group'),(13,'Can add user',4,'add_user'),(14,'Can change user',4,'change_user'),(15,'Can delete user',4,'delete_user'),(16,'Can view user',4,'view_user'),(17,'Can add content type',5,'add_contenttype'),(18,'Can change content type',5,'change_contenttype'),(19,'Can delete content type',5,'delete_contenttype'),(20,'Can view content type',5,'view_contenttype'),(21,'Can add session',6,'add_session'),(22,'Can change session',6,'change_session'),(23,'Can delete session',6,'delete_session'),(24,'Can view session',6,'view_session'),(25,'Can add laguna',7,'add_laguna'),(26,'Can change laguna',7,'change_laguna'),(27,'Can delete laguna',7,'delete_laguna'),(28,'Can view laguna',7,'view_laguna'),(29,'Can add finca',8,'add_finca'),(30,'Can change finca',8,'change_finca'),(31,'Can delete finca',8,'delete_finca'),(32,'Can view finca',8,'view_finca'),(33,'Can add Compañia',9,'add_compania'),(34,'Can change Compañia',9,'change_compania'),(35,'Can delete Compañia',9,'delete_compania'),(36,'Can view Compañia',9,'view_compania'),(37,'Can add Tipo de Compañia',10,'add_tipocompania'),(38,'Can change Tipo de Compañia',10,'change_tipocompania'),(39,'Can delete Tipo de Compañia',10,'delete_tipocompania'),(40,'Can view Tipo de Compañia',10,'view_tipocompania'),(41,'Can add permiso',11,'add_permiso'),(42,'Can change permiso',11,'change_permiso'),(43,'Can delete permiso',11,'delete_permiso'),(44,'Can view permiso',11,'view_permiso'),(45,'Can add empleado',12,'add_empleado'),(46,'Can change empleado',12,'change_empleado'),(47,'Can delete empleado',12,'delete_empleado'),(48,'Can view empleado',12,'view_empleado'),(49,'Can add Tipo de Empleado',13,'add_tipoempleado'),(50,'Can change Tipo de Empleado',13,'change_tipoempleado'),(51,'Can delete Tipo de Empleado',13,'delete_tipoempleado'),(52,'Can view Tipo de Empleado',13,'view_tipoempleado'),(53,'Can add conductor',14,'add_conductor'),(54,'Can change conductor',14,'change_conductor'),(55,'Can delete conductor',14,'delete_conductor'),(56,'Can view conductor',14,'view_conductor'),(57,'Can add color',15,'add_color'),(58,'Can change color',15,'change_color'),(59,'Can delete color',15,'delete_color'),(60,'Can view color',15,'view_color'),(61,'Can add tamano',16,'add_tamano'),(62,'Can change tamano',16,'change_tamano'),(63,'Can delete tamano',16,'delete_tamano'),(64,'Can view tamano',16,'view_tamano'),(65,'Can add equipo',17,'add_equipo'),(66,'Can change equipo',17,'change_equipo'),(67,'Can delete equipo',17,'delete_equipo'),(68,'Can view equipo',17,'view_equipo'),(69,'Can add estado',18,'add_estado'),(70,'Can change estado',18,'change_estado'),(71,'Can delete estado',18,'delete_estado'),(72,'Can view estado',18,'view_estado'),(73,'Can add base equipo',19,'add_baseequipo'),(74,'Can change base equipo',19,'change_baseequipo'),(75,'Can delete base equipo',19,'delete_baseequipo'),(76,'Can view base equipo',19,'view_baseequipo'),(77,'Can add vehiculo',20,'add_vehiculo'),(78,'Can change vehiculo',20,'change_vehiculo'),(79,'Can delete vehiculo',20,'delete_vehiculo'),(80,'Can view vehiculo',20,'view_vehiculo'),(81,'Can add detalle prestamo equipo',21,'add_detalleprestamoequipo'),(82,'Can change detalle prestamo equipo',21,'change_detalleprestamoequipo'),(83,'Can delete detalle prestamo equipo',21,'delete_detalleprestamoequipo'),(84,'Can view detalle prestamo equipo',21,'view_detalleprestamoequipo'),(85,'Can add estado prestamo',22,'add_estadoprestamo'),(86,'Can change estado prestamo',22,'change_estadoprestamo'),(87,'Can delete estado prestamo',22,'delete_estadoprestamo'),(88,'Can view estado prestamo',22,'view_estadoprestamo'),(89,'Can add prestamo equipo',23,'add_prestamoequipo'),(90,'Can change prestamo equipo',23,'change_prestamoequipo'),(91,'Can delete prestamo equipo',23,'delete_prestamoequipo'),(92,'Can view prestamo equipo',23,'view_prestamoequipo'),(93,'Can add hielo',24,'add_hielo'),(94,'Can change hielo',24,'change_hielo'),(95,'Can delete hielo',24,'delete_hielo'),(96,'Can view hielo',24,'view_hielo'),(97,'Can add detalle remision',25,'add_detalleremision'),(98,'Can change detalle remision',25,'change_detalleremision'),(99,'Can delete detalle remision',25,'delete_detalleremision'),(100,'Can view detalle remision',25,'view_detalleremision'),(101,'Can add medida',26,'add_medida'),(102,'Can change medida',26,'change_medida'),(103,'Can delete medida',26,'delete_medida'),(104,'Can view medida',26,'view_medida'),(105,'Can add remision',27,'add_remision'),(106,'Can change remision',27,'change_remision'),(107,'Can delete remision',27,'delete_remision'),(108,'Can view remision',27,'view_remision'),(109,'Can add tipo remision',28,'add_tiporemision'),(110,'Can change tipo remision',28,'change_tiporemision'),(111,'Can delete tipo remision',28,'delete_tiporemision'),(112,'Can view tipo remision',28,'view_tiporemision'),(113,'Can add estado remision',29,'add_estadoremision'),(114,'Can change estado remision',29,'change_estadoremision'),(115,'Can delete estado remision',29,'delete_estadoremision'),(116,'Can view estado remision',29,'view_estadoremision'),(117,'Can add recipiente',30,'add_recipiente'),(118,'Can change recipiente',30,'change_recipiente'),(119,'Can delete recipiente',30,'delete_recipiente'),(120,'Can view recipiente',30,'view_recipiente'),(121,'Can add hielo proceso',31,'add_hieloproceso'),(122,'Can change hielo proceso',31,'change_hieloproceso'),(123,'Can delete hielo proceso',31,'delete_hieloproceso'),(124,'Can view hielo proceso',31,'view_hieloproceso'),(125,'Can add departamento proceso',32,'add_departamentoproceso'),(126,'Can change departamento proceso',32,'change_departamentoproceso'),(127,'Can delete departamento proceso',32,'delete_departamentoproceso'),(128,'Can view departamento proceso',32,'view_departamentoproceso'),(129,'Can add recipiente detalle hielo proceso',33,'add_recipientedetallehieloproceso'),(130,'Can change recipiente detalle hielo proceso',33,'change_recipientedetallehieloproceso'),(131,'Can delete recipiente detalle hielo proceso',33,'delete_recipientedetallehieloproceso'),(132,'Can view recipiente detalle hielo proceso',33,'view_recipientedetallehieloproceso'),(133,'Can add detalle hielo proceso',34,'add_detallehieloproceso'),(134,'Can change detalle hielo proceso',34,'change_detallehieloproceso'),(135,'Can delete detalle hielo proceso',34,'delete_detallehieloproceso'),(136,'Can view detalle hielo proceso',34,'view_detallehieloproceso'),(137,'Can add entrada camaron',35,'add_entradacamaron'),(138,'Can change entrada camaron',35,'change_entradacamaron'),(139,'Can delete entrada camaron',35,'delete_entradacamaron'),(140,'Can view entrada camaron',35,'view_entradacamaron'),(141,'Can add detalle entrada camaron',36,'add_detalleentradacamaron'),(142,'Can change detalle entrada camaron',36,'change_detalleentradacamaron'),(143,'Can delete detalle entrada camaron',36,'delete_detalleentradacamaron'),(144,'Can view detalle entrada camaron',36,'view_detalleentradacamaron'),(145,'Can add cosecha',37,'add_cosecha'),(146,'Can change cosecha',37,'change_cosecha'),(147,'Can delete cosecha',37,'delete_cosecha'),(148,'Can view cosecha',37,'view_cosecha'),(149,'Can add detalle cosecha',38,'add_detallecosecha'),(150,'Can change detalle cosecha',38,'change_detallecosecha'),(151,'Can delete detalle cosecha',38,'delete_detallecosecha'),(152,'Can view detalle cosecha',38,'view_detallecosecha'),(153,'Puede terminar la remision de hielo',26,'terminar_remision'),(154,'Puede terminar la remision de hielo',27,'terminar_remision'),(155,'Can add cargo',39,'add_cargo'),(156,'Can change cargo',39,'change_cargo'),(157,'Can delete cargo',39,'delete_cargo'),(158,'Can view cargo',39,'view_cargo'),(159,'Puede restablecer la contraseña del empleado',12,'restablecer_contrasena'),(160,'Puede obtener la contraseña del empleado',12,'obtener_contrasena'),(161,'Puede generar reportes de remision de hielo',27,'generar_reportes'),(162,'Puede anular prestamos de equipo',23,'anular_prestamoequipo'),(163,'Puede terminar prestamos de equipo',23,'terminar_prestamoequipo'),(164,'Puede imprimir prestamos de equipo',23,'imprimir_prestamoequipo'),(165,'Puede generar reportes de prestamos de equipo',23,'reporte_prestamoequipo'),(166,'Puede imprimir las cosechas',37,'imprimir_cosecha'),(167,'Puede imprimir el consumo de hielo en proceso',31,'imprimir_hieloproceso'),(168,'Puede graficar el consumo de hielo en proceso',31,'grafico_hieloproceso'),(169,'Puede crear codigo qr para el inventario de equipo',17,'crearqr_equipo'),(170,'Puede cambiar el estado de la empresa',9,'estado_compania'),(171,'Puede cambiar el estado del conductor',14,'estado_conductor'),(172,'Puede cambiar el estado del empleado',12,'estado_empleado');
/*!40000 ALTER TABLE `auth_permission` ENABLE KEYS */;
UNLOCK TABLES;

--
-- Dumping data for table `auth_user`
--

LOCK TABLES `auth_user` WRITE;
/*!40000 ALTER TABLE `auth_user` DISABLE KEYS */;
INSERT INTO `auth_user` VALUES (1,'pbkdf2_sha256$150000$m7qrGWlVWgGT$wYWlOuCk10tiBmghMpNUBtmjxUUUPeYyOI19ISB9X2k=','2019-08-07 08:21:29.098459',1,'admin','Jorge','Escoto','jorgeescoto18@gmail.com',1,1,'2019-04-05 20:11:34.000000'),(2,'pbkdf2_sha256$150000$dlTpkhG7ouWg$SD8uxLZseIEF/NwcyrxLXNFEV5YQRcSQFjRuGNWDI5g=','2019-07-13 19:36:35.881336',0,'obek','','','',0,1,'2019-05-21 19:57:54.000000'),(3,'pbkdf2_sha256$150000$qDRZc2wkZzDB$zBs3zzv9uvIO4XhHs3n/ZFaPSgEF3ODYamyZpMuks4w=',NULL,0,'nicol','','','',0,1,'2019-07-12 07:45:15.000000'),(4,'pbkdf2_sha256$150000$1RjSjhqBjWma$/4Bj2io38a9tvkr3LR2LI4Yv3LVxEMbaHBr9FhkQLis=','2019-07-15 20:22:21.635317',0,'kenssy','Kenssy12','Medina','kenssymedina2016@gmail.com',1,1,'2019-07-14 17:32:30.000000'),(5,'pbkdf2_sha256$150000$TF4wK5g50mkj$GHUVPYp9/xvF3XuFy9eTlxiLD1Zkeq9iyXmAfBfgLeU=',NULL,0,'kenssy2','Kenssy','Medina','kenssymedina@gmail.com',0,1,'2019-07-14 17:47:33.791306'),(6,'pbkdf2_sha256$150000$bcy3DhpXNkew$R55GyMPSQktFJSdT8c5qufPokulgKu7VGiKVhX5P6Gw=',NULL,0,'kevin','Kevin','Escoto','escotokevin1@gmail.com',0,1,'2019-07-14 20:14:17.003820'),(7,'pbkdf2_sha256$150000$ExXECvhlP8m6$f8BoDZIw4vYrYyr8H04qoOSIgXVeux2PVI2oUPm64to=',NULL,0,'kevin2','Kevin','Escoto','',0,1,'2019-07-14 20:17:52.000000'),(8,'pbkdf2_sha256$150000$lIknW4aflqBs$T5LoPVIJZMCSrjGCUgq6t7X32mtT6McQLaQeRrEaNYM=',NULL,0,'kevin3','Kevin','Escoto','',0,1,'2019-07-14 20:20:05.000000'),(9,'pbkdf2_sha256$150000$eKdX0NpLvyZ5$gHCgH09/Zb6pipQ8XKWQAlDNzlABkwNYLFzMBHSfNp4=',NULL,0,'kevin4','Kevin','Escoto','',0,0,'2019-07-14 21:42:42.000000'),(13,'pbkdf2_sha256$150000$Ehy8nbgrx1G9$6yM6OdORBIKtAB9pQ3y2lNlfRjzO7FzLrVA4WgElJnQ=',NULL,0,'kevin5','Kevin','Escoto','ikaromaster18@gmail.com',0,1,'2019-07-14 22:07:34.000000'),(14,'pbkdf2_sha256$150000$ZHRfdJEb6Oy3$E9dr5rmzujbx52lEYghAJvuwvLeuu1t1Or4lYbRATlo=',NULL,0,'NicolGiron','Nicol','Giron','gironkeyla7@gmail.com',0,1,'2019-07-14 22:56:23.196848'),(15,'pbkdf2_sha256$150000$L0m0GPC9IdJq$hHOwngibV5dDp3UxV3qLgInDzXpME2wPo/EKuJUSfak=',NULL,0,'NicolGiron1','Nicol','Giron','',0,1,'2019-07-14 23:06:43.000000'),(16,'pbkdf2_sha256$150000$LmgCUcn9kRcy$oLl3G/mqSyuivdrhICAgA+vf6BWLMHjDmcav/RrWLOo=',NULL,0,'MArtyu','Obek','Escoto','ikaromaster18@gmail.com',0,1,'2019-07-14 23:15:32.000000'),(17,'pbkdf2_sha256$150000$cCbatqB4uW2e$mbVTRxBmPh4dHKCFsQztity6XFAoGHBaZOJYoT3HlLY=',NULL,0,'MArtyuu','Obek','Escoto Ponce','jorgeescoto18@gmail.com',0,0,'2019-07-14 23:18:57.161398'),(18,'pbkdf2_sha256$150000$s1vCMhK7Foyi$E4QIHMoTuvu0UUZIvQodFJF2pivUlP83PS6nkyrd9GQ=','2019-08-09 18:15:32.198622',0,'kenner','Kenner','Mendez','',0,1,'2019-07-16 00:34:43.000000'),(19,'pbkdf2_sha256$150000$1LdFy39DbisD$QLtdeEIszQEm6eATKyvDgeNCK4TJpSIxe+wBusJ2EII=','2019-07-29 15:00:27.624109',0,'Edgar_Jair','Edgar','Ordoñez','jordonez@empacadoralitoral.com',0,1,'2019-07-29 14:52:36.326163'),(20,'pbkdf2_sha256$150000$ns9Saod8Uo30$jKuh3jLdx7XvgrCgXfB5PIB955L4lElevK06kStfRtU=','2019-07-29 19:22:51.533114',0,'Maryori','Maryori','Burke','mburke@empacadoralitoral.com',0,1,'2019-07-29 19:21:21.778164');
/*!40000 ALTER TABLE `auth_user` ENABLE KEYS */;
UNLOCK TABLES;

--
-- Dumping data for table `auth_user_groups`
--

LOCK TABLES `auth_user_groups` WRITE;
/*!40000 ALTER TABLE `auth_user_groups` DISABLE KEYS */;
INSERT INTO `auth_user_groups` VALUES (1,2,1),(2,3,2),(3,8,2),(4,9,2),(8,13,2),(9,14,2),(10,15,2),(11,16,2),(12,17,2),(13,18,2),(14,19,3),(15,20,2);
/*!40000 ALTER TABLE `auth_user_groups` ENABLE KEYS */;
UNLOCK TABLES;

--
-- Dumping data for table `auth_user_user_permissions`
--

LOCK TABLES `auth_user_user_permissions` WRITE;
/*!40000 ALTER TABLE `auth_user_user_permissions` DISABLE KEYS */;
INSERT INTO `auth_user_user_permissions` VALUES (3,18,1);
/*!40000 ALTER TABLE `auth_user_user_permissions` ENABLE KEYS */;
UNLOCK TABLES;

--
-- Dumping data for table `camaron_cosecha`
--

LOCK TABLES `camaron_cosecha` WRITE;
/*!40000 ALTER TABLE `camaron_cosecha` DISABLE KEYS */;
INSERT INTO `camaron_cosecha` VALUES ('008856','2019-07-07','01:02:52.000000','06:00:00.000000',1,'f1',1,'000006'),('51101','2019-07-18','00:00:00.000000','00:01:00.000000',909090,'f1',18,'000001'),('fff','2019-07-11','22:00:00.000000','00:00:00.000000',1,'f1',1,'000002');
/*!40000 ALTER TABLE `camaron_cosecha` ENABLE KEYS */;
UNLOCK TABLES;

--
-- Dumping data for table `camaron_detallecosecha`
--

LOCK TABLES `camaron_detallecosecha` WRITE;
/*!40000 ALTER TABLE `camaron_detallecosecha` DISABLE KEYS */;
INSERT INTO `camaron_detallecosecha` VALUES (21,15,800.00,'','fff',5),(24,10,100.00,'si se pudo lograr lo que se esperaba realizar.','008856',6),(25,6,140.00,'si se pudo','008856',7),(26,10,100.00,'','51101',1),(27,20,200.00,'','51101',2);
/*!40000 ALTER TABLE `camaron_detallecosecha` ENABLE KEYS */;
UNLOCK TABLES;

--
-- Dumping data for table `compania_compania`
--

LOCK TABLES `compania_compania` WRITE;
/*!40000 ALTER TABLE `compania_compania` DISABLE KEYS */;
INSERT INTO `compania_compania` VALUES (1,'Cultivos Marinos Del Sur','Choluteca','CULMASA',1,1),(2,'CARGIL S.A','choluteca, choluteca,honduras',NULL,2,1),(3,'Cultivos Marinos','choluteca,honduras, san marcos de colon,choluteca,honduras','CUMAR',1,1),(4,'Obek Escoto','choluteca,honduras, san marcos de colon,choluteca,honduras',NULL,2,1);
/*!40000 ALTER TABLE `compania_compania` ENABLE KEYS */;
UNLOCK TABLES;

--
-- Dumping data for table `compania_finca`
--

LOCK TABLES `compania_finca` WRITE;
/*!40000 ALTER TABLE `compania_finca` DISABLE KEYS */;
INSERT INTO `compania_finca` VALUES ('05','nuevo2','nv','aya por cedeño',1),('06f4','LITORAL','LIT','choluteca, choluteca,honduras',3),('1q2','cacaroto','acc','choluteca, choluteca,honduras',1),('1q2c','cacaroto','cc','choluteca, choluteca,honduras',1),('45fl','EL ORO MARINO','CMA','tegucigalpa,honduras',1),('45fl1','EL ORO MARINO','CMA','tegucigalpa,honduras',1);
/*!40000 ALTER TABLE `compania_finca` ENABLE KEYS */;
UNLOCK TABLES;

--
-- Dumping data for table `compania_laguna`
--

LOCK TABLES `compania_laguna` WRITE;
/*!40000 ALTER TABLE `compania_laguna` DISABLE KEYS */;
INSERT INTO `compania_laguna` VALUES ('f1',100,'aya por cedeno','unica finca de prueba','05'),('F6',100,'aya por cedeñito jaajajaj','una laguna bien grande','05'),('F7',3,'aya por cedeñito jaajajaj','una laguna bien grande','06f4'),('F8',10,'aya por cedeñito jaajajaj','una laguna bien grande','1q2');
/*!40000 ALTER TABLE `compania_laguna` ENABLE KEYS */;
UNLOCK TABLES;

--
-- Dumping data for table `compania_tipocompania`
--

LOCK TABLES `compania_tipocompania` WRITE;
/*!40000 ALTER TABLE `compania_tipocompania` DISABLE KEYS */;
INSERT INTO `compania_tipocompania` VALUES (1,'CAMARONERA'),(2,'Flete');
/*!40000 ALTER TABLE `compania_tipocompania` ENABLE KEYS */;
UNLOCK TABLES;

--
-- Dumping data for table `conductor_conductor`
--

LOCK TABLES `conductor_conductor` WRITE;
/*!40000 ALTER TABLE `conductor_conductor` DISABLE KEYS */;
INSERT INTO `conductor_conductor` VALUES ('0000-0000-00001','Juan','Roberto','Molina','Mendoza','2019-08-16',99999999,1),('0801-1997-17105','Jorge','Obek','Escoto','Ponce','2019-07-20',98118623,1),('1111-1111-11111','Jorge',NULL,'Escoto',NULL,NULL,94763554,1);
/*!40000 ALTER TABLE `conductor_conductor` ENABLE KEYS */;
UNLOCK TABLES;

--
-- Dumping data for table `django_admin_log`
--

LOCK TABLES `django_admin_log` WRITE;
/*!40000 ALTER TABLE `django_admin_log` DISABLE KEYS */;
INSERT INTO `django_admin_log` VALUES (1,'2019-04-08 16:17:18.491825','1','Administrador',1,'[{\"added\": {}}]',13,1),(2,'2019-04-08 16:17:30.604683','1','1 -> Todo',1,'[{\"added\": {}}]',11,1),(3,'2019-04-08 16:17:37.829906','2','2 -> Ninguno',1,'[{\"added\": {}}]',11,1),(4,'2019-04-08 16:17:45.188535','1','Jorge Escoto Ponce',1,'[{\"added\": {}}]',12,1),(5,'2019-04-08 17:54:11.258349','1','Activo',1,'[{\"added\": {}}]',22,1),(6,'2019-04-08 17:54:27.967263','2','Anulado',1,'[{\"added\": {}}]',22,1),(7,'2019-04-08 17:54:35.141119','3','Terminado',1,'[{\"added\": {}}]',22,1),(8,'2019-04-08 19:59:52.565243','1','CAMARONERA',1,'[{\"added\": {}}]',10,1),(9,'2019-04-08 20:00:04.443118','1','CUMAR',1,'[{\"added\": {}}]',9,1),(10,'2019-04-08 20:01:10.651246','05','05 -> nuevo',1,'[{\"added\": {}}]',8,1),(11,'2019-04-08 20:02:39.953514','f1','05 -> nuevo -> f1',1,'[{\"added\": {}}]',7,1),(12,'2019-04-08 20:04:26.955757','0000-0000-00001','0000-0000-00001 - juan molina',1,'[{\"added\": {}}]',14,1),(13,'2019-04-08 20:05:08.904219','1','Bin',1,'[{\"added\": {}}]',19,1),(14,'2019-04-08 20:05:25.573431','1','Blanco',1,'[{\"added\": {}}]',15,1),(15,'2019-04-08 20:05:31.554851','2','Negro',1,'[{\"added\": {}}]',15,1),(16,'2019-04-08 20:05:42.679269','3','Azul',1,'[{\"added\": {}}]',15,1),(17,'2019-04-08 20:06:19.655289','1','Tamano object (1)',1,'[{\"added\": {}}]',16,1),(18,'2019-04-08 20:06:33.688239','2','Tamano object (2)',1,'[{\"added\": {}}]',16,1),(19,'2019-04-08 20:06:55.248873','1','Asignado',1,'[{\"added\": {}}]',18,1),(20,'2019-04-08 20:07:00.608016','2','Disponible',1,'[{\"added\": {}}]',18,1),(21,'2019-04-08 20:07:12.161523','3','Fuera de Servicio',1,'[{\"added\": {}}]',18,1),(22,'2019-04-08 20:07:17.460261','1','Equipo object (1)',1,'[{\"added\": {}}]',17,1),(23,'2019-04-08 20:09:17.333106','2','Pallet',1,'[{\"added\": {}}]',19,1),(24,'2019-04-08 20:09:29.730909','3','Normal',1,'[{\"added\": {}}]',16,1),(25,'2019-04-08 20:09:58.603242','2','Pallet - Normal > 1',1,'[{\"added\": {}}]',17,1),(26,'2019-04-08 20:13:57.526169','2','Flete',1,'[{\"added\": {}}]',10,1),(27,'2019-04-08 20:14:03.430313','2','CARGIL S.A',1,'[{\"added\": {}}]',9,1),(28,'2019-04-08 20:14:09.045796','HCH0001','HCH0001 -> Toyota Blanco',1,'[{\"added\": {}}]',20,1),(29,'2019-04-08 20:15:51.775463','000001','000001 -> CUMAR',1,'[{\"added\": {}}]',23,1),(30,'2019-04-08 20:17:43.518828','1','000001 -> CUMAR -> se prestaron 1 bin',1,'[{\"added\": {}}]',21,1),(31,'2019-04-08 20:18:19.296330','1','Masa -> Quintal',1,'[{\"added\": {}}]',26,1),(32,'2019-04-08 20:37:34.811773','1','Maquila',1,'[{\"added\": {}}]',28,1),(33,'2019-04-08 20:39:45.839004','000001','000001 -> CUMAR',1,'[{\"added\": {}}]',27,1),(34,'2019-04-08 20:42:39.572112','1','Limpio -> 60',1,'[{\"added\": {}}]',24,1),(35,'2019-04-08 20:42:47.722260','2','Sucio -> 10',1,'[{\"added\": {}}]',24,1),(36,'2019-04-08 20:43:19.953595','1','000001 -> CUMAR -> 10 :10',1,'[{\"added\": {}}]',25,1),(37,'2019-04-09 16:33:31.152668','2','(2)Pallet - Normal > 1',2,'[{\"changed\": {\"fields\": [\"estado\"]}}]',17,1),(38,'2019-04-09 16:40:47.166498','3','(3)Bin - Pequeño > 2',1,'[{\"added\": {}}]',17,1),(39,'2019-05-07 21:16:17.792994','22','12345 -> CUMAR -> None',3,'',21,1),(40,'2019-05-07 21:16:31.657026','12345','12345 -> CUMAR',3,'',23,1),(41,'2019-05-07 21:20:31.971114','000013','000013 -> CUMAR',3,'',23,1),(42,'2019-05-16 21:09:57.911914','000002','000002 -> CUMAR',3,'',27,1),(43,'2019-05-16 21:11:45.491288','000003','000003 -> CUMAR',3,'',27,1),(44,'2019-05-21 19:57:55.129132','2','obek',1,'[{\"added\": {}}]',4,1),(45,'2019-05-21 19:59:24.096495','2','Obek Ponce',1,'[{\"added\": {}}]',12,1),(46,'2019-05-23 17:20:53.915818','000006','000006 -> CUMAR',3,'',27,1),(47,'2019-05-23 18:27:34.433198','3','3 Asignado',2,'[{\"changed\": {\"fields\": [\"estado\"]}}]',22,1),(48,'2019-05-23 18:27:47.354686','4','4 Terminado',1,'[{\"added\": {}}]',22,1),(49,'2019-05-23 18:48:23.369195','000007','000007 -> CUMAR',3,'',27,1),(50,'2019-05-23 21:58:50.881362','000007','000007 -> CULMASA',3,'',27,1),(51,'2019-05-23 22:21:13.306176','000007','000007 -> CULMASA',3,'',27,1),(52,'2019-05-24 00:01:29.228041','000007','000007 -> CULMASA',3,'',27,1),(53,'2019-05-24 00:06:01.301509','000007','000007 -> CULMASA',3,'',27,1),(54,'2019-05-24 14:38:27.586133','000008','000008 -> CUMAR',3,'',27,1),(55,'2019-05-24 14:38:42.385256','000007','000007 -> CULMASA',3,'',27,1),(56,'2019-05-24 14:43:02.265223','000008','000008 -> CUMAR',3,'',27,1),(57,'2019-05-24 17:32:21.468840','000012','000012 -> CUMAR',2,'[{\"changed\": {\"fields\": [\"estadoPrestamo\"]}}]',23,1),(58,'2019-05-24 17:32:47.336579','000001','000001 -> CUMAR',2,'[{\"changed\": {\"fields\": [\"estadoPrestamo\"]}}]',23,1),(59,'2019-05-24 17:34:23.429760','000013','000013 -> CUMAR',2,'[{\"changed\": {\"fields\": [\"estadoPrestamo\"]}}]',23,1),(60,'2019-05-24 17:35:14.445502','00005','00005 -> CUMAR',3,'',27,1),(61,'2019-05-24 18:14:09.081657','000008','000008 -> CULMASA',3,'',27,1),(62,'2019-05-24 18:17:39.110512','000007','000007 -> CULMASA',3,'',27,1),(63,'2019-05-24 18:19:50.546814','000007','000007 -> CULMASA',3,'',27,1),(64,'2019-05-24 18:22:13.639761','000007','000007 -> CUMAR',3,'',27,1),(65,'2019-05-24 18:39:09.413566','000011','000011 -> CUMAR',2,'[{\"changed\": {\"fields\": [\"estadoPrestamo\"]}}]',23,1),(66,'2019-05-24 18:39:30.833823','000007','000007 -> CUMAR',3,'',27,1),(67,'2019-05-24 18:43:03.564033','000011','000011 -> CUMAR',2,'[{\"changed\": {\"fields\": [\"estadoPrestamo\"]}}]',23,1),(68,'2019-05-24 18:43:07.127312','000007','000007 -> CUMAR',3,'',27,1),(69,'2019-05-24 18:43:54.850758','000011','000011 -> CUMAR',2,'[{\"changed\": {\"fields\": [\"estadoPrestamo\"]}}]',23,1),(70,'2019-05-24 18:43:57.702397','000007','000007 -> CUMAR',3,'',27,1),(71,'2019-05-24 18:50:15.945513','000007','000007 -> CULMASA',3,'',27,1),(72,'2019-05-24 20:03:09.385995','000008','000008 -> CUMAR',3,'',27,1),(73,'2019-05-24 20:03:34.130159','000008','000008 -> CUMAR',3,'',27,1),(74,'2019-05-25 16:15:57.812245','111111','111111 -> CULMASA',2,'[{\"changed\": {\"fields\": [\"estadoPrestamo\"]}}]',23,1),(75,'2019-05-26 19:03:47.432648','000008','000008 -> CUMAR',3,'',27,1),(76,'2019-05-26 21:36:34.955204','000008','000008 -> CUMAR',3,'',27,1),(77,'2019-05-26 21:40:06.867636','000008','000008 -> CUMAR',3,'',27,1),(78,'2019-05-26 21:48:14.698221','000008','000008 -> CUMAR',3,'',27,1),(79,'2019-05-26 22:02:01.172454','000011','000011 -> CUMAR',2,'[{\"changed\": {\"fields\": [\"estadoPrestamo\"]}}]',23,1),(80,'2019-05-26 22:02:05.549998','000008','000008 -> CUMAR',3,'',27,1),(81,'2019-05-26 22:04:40.504359','000011','000011 -> CUMAR',2,'[{\"changed\": {\"fields\": [\"estadoPrestamo\"]}}]',23,1),(82,'2019-05-26 22:34:05.760975','000011','000011 -> CUMAR',2,'[{\"changed\": {\"fields\": [\"estadoPrestamo\"]}}]',23,1),(83,'2019-05-28 20:39:35.330167','000011','000011 -> CUMAR',2,'[{\"changed\": {\"fields\": [\"estadoPrestamo\"]}}]',23,1),(84,'2019-05-29 17:25:47.858211','000009','000009 -> CUMAR',3,'',27,1),(85,'2019-05-29 22:23:56.515559','1','1 Activo',1,'[{\"added\": {}}]',29,1),(86,'2019-05-29 22:24:06.358178','2','2 Asignado',1,'[{\"added\": {}}]',29,1),(87,'2019-05-29 22:24:13.416656','3','3 Anulado',1,'[{\"added\": {}}]',29,1),(88,'2019-05-29 22:36:48.367741','000008','000008 -> CUMAR',2,'[{\"changed\": {\"fields\": [\"estado\"]}}]',27,1),(89,'2019-05-29 22:39:49.251781','000007','000007 -> CULMASA',2,'[{\"changed\": {\"fields\": [\"estado\"]}}]',27,1),(90,'2019-05-29 22:39:55.624082','000006','000006 -> CUMAR',2,'[{\"changed\": {\"fields\": [\"estado\"]}}]',27,1),(91,'2019-05-29 22:40:02.612226','000003','000003 -> CUMAR',2,'[{\"changed\": {\"fields\": [\"estado\"]}}]',27,1),(92,'2019-05-29 22:40:07.941348','000002','000002 -> CUMAR',2,'[{\"changed\": {\"fields\": [\"estado\"]}}]',27,1),(93,'2019-05-29 22:40:12.753858','000001','000001 -> CUMAR',2,'[{\"changed\": {\"fields\": [\"estado\"]}}]',27,1),(94,'2019-05-29 22:49:30.233064','000010','000010 -> CUMAR',3,'',27,1),(95,'2019-05-29 22:53:38.917091','000010','000010 -> CULMASA',3,'',27,1),(96,'2019-05-30 14:34:53.021218','000010','000010 -> CULMASA',2,'[{\"changed\": {\"fields\": [\"estado\"]}}]',27,1),(97,'2019-05-30 14:35:03.385727','000008','000008 -> CUMAR',2,'[{\"changed\": {\"fields\": [\"estado\"]}}]',27,1),(98,'2019-05-30 17:04:25.246213','000010','000010 -> CULMASA',2,'[{\"changed\": {\"fields\": [\"estado\"]}}]',27,1),(99,'2019-05-30 17:04:37.667720','000008','000008 -> CUMAR',2,'[{\"changed\": {\"fields\": [\"estado\"]}}]',27,1),(100,'2019-05-30 20:41:35.856169','000007','000007 -> CULMASA',2,'[{\"changed\": {\"fields\": [\"estado\"]}}]',27,1),(101,'2019-05-31 18:09:04.544276','000010','000010 -> CULMASA',2,'[{\"changed\": {\"fields\": [\"estado\"]}}]',27,1),(102,'2019-05-31 18:09:13.620865','000008','000008 -> CUMAR',2,'[{\"changed\": {\"fields\": [\"estado\"]}}]',27,1),(103,'2019-05-31 18:09:23.448557','000007','000007 -> CULMASA',2,'[{\"changed\": {\"fields\": [\"estado\"]}}]',27,1),(104,'2019-06-09 00:39:37.031366','2','2 Terminado',2,'[{\"changed\": {\"fields\": [\"estado\"]}}]',29,1),(105,'2019-06-09 01:30:41.309825','000007','000007 -> CULMASA',2,'[{\"changed\": {\"fields\": [\"estado\"]}}]',27,1),(106,'2019-06-09 01:30:52.684339','000008','000008 -> CUMAR',2,'[{\"changed\": {\"fields\": [\"estado\"]}}]',27,1),(107,'2019-06-09 02:00:52.799256','000008','000008 -> CUMAR',2,'[{\"changed\": {\"fields\": [\"estado\"]}}]',27,1),(108,'2019-06-09 02:01:39.097447','000007','000007 -> CULMASA',2,'[{\"changed\": {\"fields\": [\"estado\"]}}]',27,1),(109,'2019-06-09 02:15:40.686121','000008','000008 -> CUMAR',2,'[{\"changed\": {\"fields\": [\"estado\"]}}]',27,1),(110,'2019-06-09 02:15:49.800112','000007','000007 -> CULMASA',2,'[{\"changed\": {\"fields\": [\"estado\"]}}]',27,1),(111,'2019-06-09 03:04:09.513875','000008','000008 -> CUMAR',2,'[]',27,1),(112,'2019-06-13 02:32:22.690977','8','(8)Bin - Normal > 12',1,'[{\"added\": {}}]',17,1),(113,'2019-06-16 04:11:33.706836','000002','000002 -> CULMASA',3,'',23,1),(114,'2019-06-19 16:19:14.286608','30','000013 -> CUMAR -> None',2,'[{\"changed\": {\"fields\": [\"prestamoEquipo\"]}}]',21,1),(115,'2019-06-19 16:21:57.100747','4','(4)Bin - Pequeño > 3',2,'[{\"changed\": {\"fields\": [\"estado\"]}}]',17,1),(116,'2019-06-19 16:25:20.964768','31','000013 -> CUMAR -> None',2,'[{\"changed\": {\"fields\": [\"prestamoEquipo\"]}}]',21,1),(117,'2019-06-19 16:25:29.914290','29','000013 -> CUMAR -> None',2,'[{\"changed\": {\"fields\": [\"prestamoEquipo\"]}}]',21,1),(118,'2019-06-19 16:25:43.804560','28','000013 -> CUMAR -> la tapita',2,'[{\"changed\": {\"fields\": [\"prestamoEquipo\"]}}]',21,1),(119,'2019-06-19 16:26:02.033916','4','(4)Bin - Pequeño > 3',2,'[{\"changed\": {\"fields\": [\"estado\"]}}]',17,1),(120,'2019-06-19 16:26:03.616166','31','000013 -> CUMAR -> None',2,'[]',21,1),(121,'2019-06-19 16:26:22.851599','29','000013 -> CUMAR -> None',3,'',21,1),(122,'2019-06-19 16:26:35.897715','8','(8)Bin - Normal > 12',2,'[{\"changed\": {\"fields\": [\"estado\"]}}]',17,1),(123,'2019-06-19 16:26:38.194339','28','000013 -> CUMAR -> la tapita',2,'[]',21,1),(124,'2019-06-19 18:34:51.869647','8','(8)Bin - Normal > 12',2,'[{\"changed\": {\"fields\": [\"estado\"]}}]',17,1),(125,'2019-06-19 18:35:43.256637','000015','000015 -> CULMASA',2,'[{\"changed\": {\"fields\": [\"estadoPrestamo\"]}}]',23,1),(126,'2019-06-19 18:35:45.755619','33','000015 -> CULMASA -> None',2,'[]',21,1),(127,'2019-06-19 18:38:21.862264','9','(9)Bin - Normal > 15',2,'[{\"changed\": {\"fields\": [\"estado\"]}}]',17,1),(128,'2019-06-19 18:38:24.517993','33','000015 -> CULMASA -> None',2,'[]',21,1),(129,'2019-06-20 18:34:56.980259','000015','000015 -> CULMASA',2,'[{\"changed\": {\"fields\": [\"fechaEntrada\"]}}]',23,1),(130,'2019-06-20 20:33:16.738349','000015','000015 -> CULMASA',2,'[{\"changed\": {\"fields\": [\"estadoPrestamo\"]}}]',23,1),(131,'2019-06-20 20:33:26.589338','000015','000015 -> CULMASA',2,'[{\"changed\": {\"fields\": [\"fechaEntrada\"]}}]',23,1),(132,'2019-06-20 20:33:58.742860','9','(9)Bin - Normal > 15',2,'[{\"changed\": {\"fields\": [\"estado\"]}}]',17,1),(133,'2019-06-21 17:48:09.318468','000015','000015 -> CULMASA',2,'[{\"changed\": {\"fields\": [\"fechaEntrada\", \"estadoPrestamo\"]}}]',23,1),(134,'2019-06-21 17:48:20.183494','9','(9)Bin - Normal > 15',2,'[{\"changed\": {\"fields\": [\"estado\"]}}]',17,1),(135,'2019-06-21 17:48:22.627225','33','000015 -> CULMASA -> None',2,'[]',21,1),(136,'2019-06-24 21:07:50.014160','1','admin',2,'[{\"changed\": {\"fields\": [\"first_name\", \"last_name\"]}}]',4,1),(137,'2019-06-26 23:52:08.482775','000001','000001 -> CUMAR',2,'[{\"changed\": {\"fields\": [\"observacion\"]}}]',27,1),(138,'2019-06-27 20:13:41.225508','1','Descabezado',1,'[{\"added\": {}}]',32,1),(139,'2019-06-27 20:16:12.563324','1','2019-06-27',1,'[{\"added\": {}}]',31,1),(140,'2019-06-27 20:16:57.588811','1','Descabezado',1,'[{\"added\": {}}]',34,1),(141,'2019-06-27 20:36:17.223168','1','Descabezado',3,'',32,1),(142,'2019-06-27 20:51:36.730581','1','Bin',1,'[{\"added\": {}}]',30,1),(143,'2019-06-27 20:52:12.390675','2','Descabezado',1,'[{\"added\": {}}]',32,1),(144,'2019-06-27 20:52:31.183304','2','2019-06-27 - Descabezado',1,'[{\"added\": {}}]',31,1),(145,'2019-06-27 20:53:21.880587','2','Bin = 2',1,'[{\"added\": {}}]',34,1),(146,'2019-06-27 21:00:12.553822','3','Bin = 4 -> 60.0000',1,'[{\"added\": {}}]',34,1),(147,'2019-06-27 21:02:08.148770','3','Bin = 4 -> 60.0000',3,'',34,1),(148,'2019-06-29 01:30:59.438718','2','2019-06-27 - Descabezado',3,'',31,1),(149,'2019-06-29 01:34:26.458691','3','2019-06-28',1,'[{\"added\": {}}]',31,1),(150,'2019-06-29 01:34:43.170164','4','Descabezado:Bin = 2 -> 30.0000',1,'[{\"added\": {}}]',34,1),(151,'2019-06-29 01:35:38.072560','2','Carreton',1,'[{\"added\": {}}]',30,1),(152,'2019-06-29 01:35:42.039290','5','Descabezado:Carreton = 2 -> 60.0000',1,'[{\"added\": {}}]',34,1),(153,'2019-06-29 02:03:47.219569','3','2019-06-28',3,'',31,1),(154,'2019-06-29 02:08:20.034338','4','2019-06-28',1,'[{\"added\": {}}]',31,1),(155,'2019-06-29 02:08:38.016599','5','2019-06-29',1,'[{\"added\": {}}]',31,1),(156,'2019-06-29 02:11:55.776836','6','2019-06-28 - Descabezado',1,'[{\"added\": {}}]',31,1),(157,'2019-06-29 02:18:37.328477','3','Pelado',1,'[{\"added\": {}}]',32,1),(158,'2019-06-29 02:18:43.887141','7','2019-06-28 - Pelado',1,'[{\"added\": {}}]',31,1),(159,'2019-06-29 02:19:07.888525','6','Bin = 1 -> 15.0000',1,'[{\"added\": {}}]',34,1),(160,'2019-06-29 02:19:19.921328','7','Carreton = 2 -> 60.0000',1,'[{\"added\": {}}]',34,1),(161,'2019-06-29 02:19:31.184287','8','Bin = 2 -> 30.0000',1,'[{\"added\": {}}]',34,1),(162,'2019-06-29 02:19:43.684700','9','Carreton = 4 -> 120.0000',1,'[{\"added\": {}}]',34,1),(163,'2019-06-29 02:29:24.105524','7','2019-06-28 - Pelado',3,'',31,1),(164,'2019-06-29 02:29:24.129752','6','2019-06-28 - Descabezado',3,'',31,1),(165,'2019-06-29 02:34:17.111066','8','2019-06-28',1,'[{\"added\": {}}]',31,1),(166,'2019-06-29 02:34:54.213739','10','Descabezado:Bin = 1 -> 15.0000',1,'[{\"added\": {}}]',34,1),(167,'2019-06-29 02:35:08.392948','11','Descabezado:Carreton = 2 -> 60.0000',1,'[{\"added\": {}}]',34,1),(168,'2019-06-29 02:36:51.386777','9','2019-06-29',1,'[{\"added\": {}}]',31,1),(169,'2019-06-29 02:37:13.364831','12','Descabezado:Bin = 12 -> 180.0000',1,'[{\"added\": {}}]',34,1),(170,'2019-06-29 04:34:26.563397','13','Pelado:Carreton = 10 -> 300.0000',1,'[{\"added\": {}}]',34,1),(171,'2019-06-29 14:42:27.787650','14','Pelado:Carreton = 8 -> 240.0000',1,'[{\"added\": {}}]',34,1),(172,'2019-06-29 15:22:56.313073','9','2019-06-29',3,'',31,1),(173,'2019-06-29 15:22:56.329524','8','2019-06-28',3,'',31,1),(174,'2019-06-29 15:29:51.477744','10','2019-06-29',1,'[{\"added\": {}}]',31,1),(175,'2019-06-29 15:31:52.314636','16','2019-06-29 = Descabezado -> 1',1,'[{\"added\": {}}]',34,1),(176,'2019-06-29 16:13:49.265770','17','2019-06-29 Pelado -> bin = 0,carreton = 2',1,'[{\"added\": {}}]',34,1),(177,'2019-06-29 16:14:02.569568','11','2019-06-30',1,'[{\"added\": {}}]',31,1),(178,'2019-06-29 16:14:12.486787','18','2019-06-30 Pelado -> bin = 3,carreton = 1',1,'[{\"added\": {}}]',34,1),(179,'2019-06-29 16:31:16.159570','12','2019-06-28',1,'[{\"added\": {}}]',31,1),(180,'2019-06-29 16:31:27.657392','19','2019-06-28 Descabezado -> bin = 1,carreton = 1',1,'[{\"added\": {}}]',34,1),(181,'2019-06-29 16:40:24.171483','20','2019-06-30 Descabezado -> bin = 1,carreton = 3',1,'[{\"added\": {}}]',34,1),(182,'2019-06-29 17:39:54.312558','2','Maquina 1',2,'[{\"changed\": {\"fields\": [\"departamento\"]}}]',32,1),(183,'2019-06-29 17:40:18.494805','3','Maquina 2',2,'[{\"changed\": {\"fields\": [\"departamento\"]}}]',32,1),(184,'2019-06-29 17:40:25.208229','4','Maquina 3',1,'[{\"added\": {}}]',32,1),(185,'2019-06-29 17:40:32.582188','5','Maquina 4',1,'[{\"added\": {}}]',32,1),(186,'2019-06-29 17:40:46.705337','6','Empaque fresco',1,'[{\"added\": {}}]',32,1),(187,'2019-06-29 17:41:00.897912','7','Descabezado',1,'[{\"added\": {}}]',32,1),(188,'2019-06-29 17:41:18.387645','8','Reenhielado',1,'[{\"added\": {}}]',32,1),(189,'2019-06-29 17:41:28.521939','9','Clasificado',1,'[{\"added\": {}}]',32,1),(190,'2019-06-29 17:41:37.082386','10','Reproceso',1,'[{\"added\": {}}]',32,1),(191,'2019-06-29 17:41:48.502253','11','Langosta',1,'[{\"added\": {}}]',32,1),(192,'2019-06-29 17:41:55.330556','12','Pelado',1,'[{\"added\": {}}]',32,1),(193,'2019-06-29 17:42:05.295668','13','Descongelado',1,'[{\"added\": {}}]',32,1),(194,'2019-06-29 17:54:48.215125','20','2019-06-30 Maquina 1 -> binGrande = 1 ...',2,'[]',34,1),(195,'2019-06-29 17:54:55.864067','19','2019-06-28 Maquina 1 -> binGrande = 1 ...',2,'[]',34,1),(196,'2019-07-02 17:12:45.360622','14','2019-07-01',3,'',31,1),(197,'2019-07-02 17:12:45.411436','13','2019-07-12',3,'',31,1),(198,'2019-07-02 17:33:57.255193','15','2019-07-01',3,'',31,1),(199,'2019-07-02 20:52:01.092248','17','2019-08-01',3,'',31,1),(200,'2019-07-02 20:52:01.134639','16','2019-07-28',3,'',31,1),(201,'2019-07-02 21:01:40.885535','20','2019-07-03',3,'',31,1),(202,'2019-07-02 21:01:40.900246','19','2019-07-02',3,'',31,1),(203,'2019-07-02 21:01:40.914597','18','2019-07-01',3,'',31,1),(204,'2019-07-02 21:08:57.761222','25','2019-07-05',3,'',31,1),(205,'2019-07-02 21:08:57.790191','24','2019-07-04',3,'',31,1),(206,'2019-07-02 21:08:57.803778','23','2019-07-03',3,'',31,1),(207,'2019-07-02 21:08:57.817831','22','2019-07-02',3,'',31,1),(208,'2019-07-02 21:08:57.838515','21','2019-07-01',3,'',31,1),(209,'2019-07-07 05:38:13.314037','1','1',1,'[{\"added\": {}}]',35,1),(210,'2019-07-07 05:39:26.263775','1','(1) (6)Bin - Grande > 5 -> 200',1,'[{\"added\": {}}]',36,1),(211,'2019-07-07 05:40:04.224646','2','(1) (7)Bin - Pequeño > 7 -> 78',1,'[{\"added\": {}}]',36,1),(212,'2019-07-07 06:18:21.805685','1','1',3,'',35,1),(213,'2019-07-07 07:04:28.051528','008856','008856',1,'[{\"added\": {}}]',37,1),(214,'2019-07-07 07:05:36.089979','1','(008856) (6)Bin - Grande > 5 -> -0.06',1,'[{\"added\": {}}]',38,1),(215,'2019-07-07 07:05:59.339924','1','(008856) (6)Bin - Grande > 5 -> 100',2,'[{\"changed\": {\"fields\": [\"libras\"]}}]',38,1),(216,'2019-07-07 07:06:32.601428','2','(008856) (7)Bin - Pequeño > 7 -> 140',1,'[{\"added\": {}}]',38,1),(217,'2019-07-07 22:33:06.508858','F6','05 -> nuevo -> F6',1,'[{\"added\": {}}]',7,1),(218,'2019-07-08 21:10:36.357119','ll','ll',3,'',37,1),(219,'2019-07-08 22:04:33.071491','111','111',3,'',37,1),(220,'2019-07-09 02:03:28.606677','000001','000001 -> CUMAR',2,'[{\"changed\": {\"fields\": [\"estadoPrestamo\"]}}]',23,1),(221,'2019-07-09 02:03:41.835179','000001','000001 -> CUMAR',2,'[{\"changed\": {\"fields\": [\"estado\"]}}]',27,1),(222,'2019-07-09 02:09:04.921034','111','111',3,'',37,1),(223,'2019-07-10 20:06:21.897595','4','(fff) (2)Pallet - Normal > 1 -> 20.00',3,'',38,1),(224,'2019-07-10 20:06:21.937106','3','(fff) (1)Bin - Pequeño > 1 -> 10.00',3,'',38,1),(225,'2019-07-10 22:53:54.885866','111111','111111 -> CULMASA',2,'[{\"changed\": {\"fields\": [\"estadoPrestamo\"]}}]',23,1),(226,'2019-07-10 22:54:04.910594','000006','000006 -> CULMASA',2,'[{\"changed\": {\"fields\": [\"estado\"]}}]',27,1),(227,'2019-07-11 19:45:55.469925','1','Cultivos Marinos Del Sur',2,'[{\"changed\": {\"fields\": [\"nombre\", \"abreviatura\"]}}]',9,1),(228,'2019-07-12 05:01:47.241196','1','prueba1',1,'[{\"added\": {}}]',3,1),(229,'2019-07-12 05:02:08.653162','2','obek',2,'[{\"changed\": {\"fields\": [\"groups\"]}}]',4,1),(230,'2019-07-12 06:33:40.111499','2','obek',2,'[{\"changed\": {\"fields\": [\"user_permissions\"]}}]',4,1),(231,'2019-07-12 06:36:03.043927','2','obek',2,'[{\"changed\": {\"fields\": [\"user_permissions\"]}}]',4,1),(232,'2019-07-12 06:37:11.611345','2','obek',2,'[{\"changed\": {\"fields\": [\"user_permissions\"]}}]',4,1),(233,'2019-07-12 06:41:44.835604','2','obek',2,'[{\"changed\": {\"fields\": [\"user_permissions\"]}}]',4,1),(234,'2019-07-12 06:56:57.761528','1','prueba1',2,'[{\"changed\": {\"fields\": [\"permissions\"]}}]',3,1),(235,'2019-07-12 07:42:20.532104','2','Supervisor de hielo',1,'[{\"added\": {}}]',3,1),(236,'2019-07-12 07:42:30.504919','1','1 -> Supervisor de Hielo',1,'[{\"added\": {}}]',39,1),(237,'2019-07-12 07:45:15.810965','3','nicol',1,'[{\"added\": {}}]',4,1),(238,'2019-07-12 07:45:32.476608','1234','Nicol Giron',1,'[{\"added\": {}}]',12,1),(239,'2019-07-12 07:50:59.416776','3','nicol',2,'[{\"changed\": {\"fields\": [\"groups\"]}}]',4,1),(240,'2019-07-13 03:50:20.305583','3','nicol',2,'[{\"changed\": {\"fields\": [\"is_active\"]}}]',4,1),(241,'2019-07-14 20:19:41.155001','1','1 -> Supervisor de Hielo',2,'[{\"changed\": {\"fields\": [\"grupo\"]}}]',39,1),(242,'2019-07-14 21:53:09.439337','10','kevin5',3,'',4,1),(243,'2019-07-14 21:54:52.537370','11','kevin5',3,'',4,1),(244,'2019-07-14 22:06:23.094351','12','kevin5',3,'',4,1),(245,'2019-07-15 05:57:59.076551','1000','Kenssy Medina',2,'[{\"changed\": {\"fields\": [\"usuario\"]}}]',12,1),(246,'2019-07-15 05:59:44.147348','1000','Kenssy Medina',2,'[{\"changed\": {\"fields\": [\"usuario\"]}}]',12,1),(247,'2019-07-15 15:59:05.626243','15','NicolGiron1',2,'[{\"changed\": {\"fields\": [\"is_active\"]}}]',4,1),(248,'2019-07-15 16:10:14.939895','15','NicolGiron1',2,'[{\"changed\": {\"fields\": [\"is_active\"]}}]',4,1),(249,'2019-07-15 16:22:01.410533','3','nicol',2,'[{\"changed\": {\"fields\": [\"is_active\"]}}]',4,1),(250,'2019-07-15 16:22:13.816781','7','kevin2',2,'[{\"changed\": {\"fields\": [\"is_active\"]}}]',4,1),(251,'2019-07-15 16:22:38.177924','8','kevin3',2,'[{\"changed\": {\"fields\": [\"is_active\"]}}]',4,1),(252,'2019-07-15 16:34:25.364186','7','kevin2',2,'[{\"changed\": {\"fields\": [\"is_active\"]}}]',4,1),(253,'2019-07-15 16:34:37.385797','8','kevin3',2,'[{\"changed\": {\"fields\": [\"is_active\"]}}]',4,1),(254,'2019-07-15 16:34:44.664050','9','kevin4',2,'[{\"changed\": {\"fields\": [\"is_active\"]}}]',4,1),(255,'2019-07-15 16:34:52.573285','13','kevin5',2,'[{\"changed\": {\"fields\": [\"is_active\"]}}]',4,1),(256,'2019-07-15 16:35:13.061297','16','MArtyu',2,'[{\"changed\": {\"fields\": [\"is_active\"]}}]',4,1),(257,'2019-07-15 17:33:26.457782','2','Supervisor de hielo',2,'[{\"changed\": {\"fields\": [\"permissions\"]}}]',3,1),(258,'2019-07-15 17:35:27.171585','2','Supervisor de hielo',2,'[{\"changed\": {\"fields\": [\"permissions\"]}}]',3,1),(259,'2019-07-15 17:37:39.107531','2','Supervisor de hielo',2,'[]',3,1),(260,'2019-07-15 20:22:08.361606','4','kenssy',2,'[{\"changed\": {\"fields\": [\"is_staff\"]}}]',4,1),(261,'2019-07-15 22:59:07.273345','678956','Obek Escoto',2,'[{\"changed\": {\"fields\": [\"actualizoContrasena\"]}}]',12,1),(262,'2019-07-15 23:34:27.073803','678956','Obek Escoto',2,'[{\"changed\": {\"fields\": [\"actualizoContrasena\"]}}]',12,1),(263,'2019-07-17 19:22:59.223864','0000-0000-00001','juan molina',2,'[]',14,1),(264,'2019-07-24 03:55:24.143420','18','kenner',2,'[{\"changed\": {\"fields\": [\"first_name\", \"last_name\"]}}]',4,1),(265,'2019-07-24 03:56:24.024313','2','Supervisor de hielo',2,'[{\"changed\": {\"fields\": [\"permissions\"]}}]',3,1),(266,'2019-07-24 03:58:44.939950','2','Supervisor de hielo',2,'[{\"changed\": {\"fields\": [\"permissions\"]}}]',3,1),(267,'2019-07-24 04:27:55.497467','2','Supervisor de hielo',2,'[{\"changed\": {\"fields\": [\"permissions\"]}}]',3,1),(268,'2019-07-24 04:42:36.446273','2','Supervisor de hielo',2,'[{\"changed\": {\"fields\": [\"permissions\"]}}]',3,1),(269,'2019-07-24 05:15:27.931864','2','Supervisor de hielo',2,'[{\"changed\": {\"fields\": [\"permissions\"]}}]',3,1),(270,'2019-07-24 17:46:30.475975','2','Supervisor de hielo',2,'[]',3,1),(271,'2019-07-24 18:06:25.821161','2','Supervisor de hielo',2,'[{\"changed\": {\"fields\": [\"permissions\"]}}]',3,1),(272,'2019-07-24 18:19:43.740248','2','Supervisor de hielo',2,'[{\"changed\": {\"fields\": [\"permissions\"]}}]',3,1),(273,'2019-07-24 20:48:30.523242','9','(9)Bin - Normal > 15',2,'[{\"changed\": {\"fields\": [\"estado\"]}}]',17,1),(274,'2019-07-24 20:48:39.078428','000015','000015 -> CULMASA',2,'[{\"changed\": {\"fields\": [\"estadoPrestamo\"]}}]',23,1),(275,'2019-07-24 21:23:57.578838','2','Supervisor de hielo',2,'[{\"changed\": {\"fields\": [\"permissions\"]}}]',3,1),(276,'2019-07-24 21:26:10.347622','2','Supervisor de hielo',2,'[{\"changed\": {\"fields\": [\"permissions\"]}}]',3,1),(277,'2019-07-25 00:58:21.257055','000015','000015 -> CULMASA',2,'[{\"changed\": {\"fields\": [\"estadoPrestamo\"]}}]',23,1),(278,'2019-07-25 00:58:34.231211','000016','000016 -> CULMASA',2,'[{\"changed\": {\"fields\": [\"estadoPrestamo\"]}}]',23,1),(279,'2019-07-25 01:22:42.118100','000016','000016 -> CULMASA',2,'[{\"changed\": {\"fields\": [\"estadoPrestamo\"]}}]',23,1),(280,'2019-07-25 02:31:25.295878','4','(4)Bin - Pequeño > 3',2,'[{\"changed\": {\"fields\": [\"estado\"]}}]',17,1),(281,'2019-07-25 02:31:28.331377','40','000016 -> CULMASA -> la tapita',2,'[]',21,1),(282,'2019-07-25 04:54:43.735724','2','Supervisor de hielo',2,'[{\"changed\": {\"fields\": [\"permissions\"]}}]',3,1),(283,'2019-07-25 05:00:12.747985','2','Supervisor de hielo',2,'[{\"changed\": {\"fields\": [\"permissions\"]}}]',3,1),(284,'2019-07-28 15:02:43.952927','2','Supervisor de hielo',2,'[{\"changed\": {\"fields\": [\"permissions\"]}}]',3,1),(285,'2019-07-28 17:04:56.808466','2','Supervisor de hielo',2,'[{\"changed\": {\"fields\": [\"permissions\"]}}]',3,1),(286,'2019-07-28 18:20:43.830748','2','Supervisor de hielo',2,'[{\"changed\": {\"fields\": [\"permissions\"]}}]',3,1),(287,'2019-07-28 19:00:01.518007','2','Supervisor de hielo',2,'[]',3,1),(288,'2019-07-28 19:00:21.430602','2','Supervisor de hielo',2,'[{\"changed\": {\"fields\": [\"permissions\"]}}]',3,1),(289,'2019-07-28 19:33:24.555426','2','Supervisor de hielo',2,'[{\"changed\": {\"fields\": [\"permissions\"]}}]',3,1),(290,'2019-07-29 04:52:06.176395','2','Supervisor de hielo',2,'[{\"changed\": {\"fields\": [\"permissions\"]}}]',3,1),(291,'2019-07-29 05:02:41.683402','2','Supervisor de hielo',2,'[{\"changed\": {\"fields\": [\"permissions\"]}}]',3,1),(292,'2019-07-29 05:18:49.227048','2','Supervisor de hielo',2,'[{\"changed\": {\"fields\": [\"permissions\"]}}]',3,1),(293,'2019-07-29 05:41:56.416451','2','Supervisor de hielo',2,'[{\"changed\": {\"fields\": [\"permissions\"]}}]',3,1),(294,'2019-07-29 14:49:25.215666','3','descabezado',1,'[{\"added\": {}}]',3,1),(295,'2019-07-29 14:51:12.175012','2','2 -> Descabezado',1,'[{\"added\": {}}]',39,1),(296,'2019-07-29 14:51:12.231161','3','3 -> Descabezado',1,'[{\"added\": {}}]',39,1),(297,'2019-07-29 15:03:32.971645','3','descabezado',2,'[{\"changed\": {\"fields\": [\"permissions\"]}}]',3,1),(298,'2019-07-29 22:17:29.490341','2','Supervisor de hielo',2,'[{\"changed\": {\"fields\": [\"permissions\"]}}]',3,1),(299,'2019-07-29 23:01:25.185770','2','Supervisor de hielo',2,'[{\"changed\": {\"fields\": [\"permissions\"]}}]',3,1),(300,'2019-07-29 23:06:28.838456','2','Supervisor de hielo',2,'[{\"changed\": {\"fields\": [\"permissions\"]}}]',3,1),(301,'2019-08-01 17:06:14.778083','2','Supervisor de hielo',2,'[{\"changed\": {\"fields\": [\"permissions\"]}}]',3,1),(302,'2019-08-01 17:17:09.371588','2','Supervisor de hielo',2,'[{\"changed\": {\"fields\": [\"permissions\"]}}]',3,1),(303,'2019-08-05 08:10:04.422464','2','Supervisor de hielo',2,'[{\"changed\": {\"fields\": [\"permissions\"]}}]',3,1),(304,'2019-08-05 08:33:55.048691','2','Supervisor de hielo',2,'[{\"changed\": {\"fields\": [\"permissions\"]}}]',3,1),(305,'2019-08-05 08:53:47.491533','2','Supervisor de hielo',2,'[{\"changed\": {\"fields\": [\"permissions\"]}}]',3,1),(306,'2019-08-05 19:09:55.741341','2','Supervisor de hielo',2,'[{\"changed\": {\"fields\": [\"permissions\"]}}]',3,1),(307,'2019-08-05 19:15:36.698279','2','Supervisor de hielo',2,'[{\"changed\": {\"fields\": [\"permissions\"]}}]',3,1),(308,'2019-08-05 19:19:37.101451','2','Supervisor de hielo',2,'[{\"changed\": {\"fields\": [\"permissions\"]}}]',3,1),(309,'2019-08-05 19:40:17.790388','2','Supervisor de hielo',2,'[{\"changed\": {\"fields\": [\"permissions\"]}}]',3,1),(310,'2019-08-05 19:42:32.633185','2','Supervisor de hielo',2,'[{\"changed\": {\"fields\": [\"permissions\"]}}]',3,1),(311,'2019-08-05 19:43:54.484382','2','Supervisor de hielo',2,'[{\"changed\": {\"fields\": [\"permissions\"]}}]',3,1),(312,'2019-08-05 19:51:19.392613','2','Supervisor de hielo',2,'[{\"changed\": {\"fields\": [\"permissions\"]}}]',3,1),(313,'2019-08-05 19:51:35.358390','2','Supervisor de hielo',2,'[{\"changed\": {\"fields\": [\"permissions\"]}}]',3,1),(314,'2019-08-05 19:51:56.844824','2','Supervisor de hielo',2,'[{\"changed\": {\"fields\": [\"permissions\"]}}]',3,1),(315,'2019-08-05 20:15:44.902447','2','Supervisor de hielo',2,'[{\"changed\": {\"fields\": [\"permissions\"]}}]',3,1),(316,'2019-08-05 20:25:50.488890','2','Supervisor de hielo',2,'[{\"changed\": {\"fields\": [\"permissions\"]}}]',3,1),(317,'2019-08-05 20:32:28.353613','2','Supervisor de hielo',2,'[{\"changed\": {\"fields\": [\"permissions\"]}}]',3,1),(318,'2019-08-05 20:41:42.669061','2','Supervisor de hielo',2,'[{\"changed\": {\"fields\": [\"permissions\"]}}]',3,1),(319,'2019-08-05 20:49:31.223966','2','Supervisor de hielo',2,'[{\"changed\": {\"fields\": [\"permissions\"]}}]',3,1),(320,'2019-08-05 21:39:49.566454','2','Supervisor de hielo',2,'[{\"changed\": {\"fields\": [\"permissions\"]}}]',3,1),(321,'2019-08-06 02:11:19.785045','2','Supervisor de hielo',2,'[{\"changed\": {\"fields\": [\"permissions\"]}}]',3,1),(322,'2019-08-06 02:18:31.784328','2','Supervisor de hielo',2,'[{\"changed\": {\"fields\": [\"permissions\"]}}]',3,1),(323,'2019-08-06 02:45:07.404917','2','Supervisor de hielo',2,'[{\"changed\": {\"fields\": [\"permissions\"]}}]',3,1),(324,'2019-08-06 03:12:19.743433','2','Supervisor de hielo',2,'[{\"changed\": {\"fields\": [\"permissions\"]}}]',3,1),(325,'2019-08-06 03:37:02.521968','2','Supervisor de hielo',2,'[{\"changed\": {\"fields\": [\"permissions\"]}}]',3,1),(326,'2019-08-07 02:41:17.044122','18','kenner',2,'[{\"changed\": {\"fields\": [\"user_permissions\"]}}]',4,1),(327,'2019-08-07 03:19:32.866203','2','Supervisor de hielo',2,'[{\"changed\": {\"fields\": [\"permissions\"]}}]',3,1),(328,'2019-08-07 03:21:06.069778','2','Supervisor de hielo',2,'[{\"changed\": {\"fields\": [\"permissions\"]}}]',3,1);
/*!40000 ALTER TABLE `django_admin_log` ENABLE KEYS */;
UNLOCK TABLES;

--
-- Dumping data for table `django_content_type`
--

LOCK TABLES `django_content_type` WRITE;
/*!40000 ALTER TABLE `django_content_type` DISABLE KEYS */;
INSERT INTO `django_content_type` VALUES (1,'admin','logentry'),(3,'auth','group'),(2,'auth','permission'),(4,'auth','user'),(37,'camaron','cosecha'),(38,'camaron','detallecosecha'),(36,'camaron','detalleentradacamaron'),(35,'camaron','entradacamaron'),(9,'compania','compania'),(8,'compania','finca'),(7,'compania','laguna'),(10,'compania','tipocompania'),(14,'conductor','conductor'),(5,'contenttypes','contenttype'),(39,'empleado','cargo'),(12,'empleado','empleado'),(11,'empleado','permiso'),(13,'empleado','tipoempleado'),(19,'equipo','baseequipo'),(15,'equipo','color'),(17,'equipo','equipo'),(18,'equipo','estado'),(16,'equipo','tamano'),(32,'hielo_proceso','departamentoproceso'),(34,'hielo_proceso','detallehieloproceso'),(31,'hielo_proceso','hieloproceso'),(30,'hielo_proceso','recipiente'),(33,'hielo_proceso','recipientedetallehieloproceso'),(21,'prestamos','detalleprestamoequipo'),(22,'prestamos','estadoprestamo'),(23,'prestamos','prestamoequipo'),(25,'remision','detalleremision'),(29,'remision','estadoremision'),(24,'remision','hielo'),(26,'remision','medida'),(27,'remision','remision'),(28,'remision','tiporemision'),(6,'sessions','session'),(20,'vehiculo','vehiculo');
/*!40000 ALTER TABLE `django_content_type` ENABLE KEYS */;
UNLOCK TABLES;

--
-- Dumping data for table `django_migrations`
--

LOCK TABLES `django_migrations` WRITE;
/*!40000 ALTER TABLE `django_migrations` DISABLE KEYS */;
INSERT INTO `django_migrations` VALUES (1,'contenttypes','0001_initial','2019-04-05 17:42:17.305087'),(2,'auth','0001_initial','2019-04-05 17:42:17.424403'),(3,'admin','0001_initial','2019-04-05 17:42:17.672020'),(4,'admin','0002_logentry_remove_auto_add','2019-04-05 17:42:17.770391'),(5,'admin','0003_logentry_add_action_flag_choices','2019-04-05 17:42:17.783402'),(6,'contenttypes','0002_remove_content_type_name','2019-04-05 17:42:17.865402'),(7,'auth','0002_alter_permission_name_max_length','2019-04-05 17:42:17.903898'),(8,'auth','0003_alter_user_email_max_length','2019-04-05 17:42:17.955370'),(9,'auth','0004_alter_user_username_opts','2019-04-05 17:42:17.967311'),(10,'auth','0005_alter_user_last_login_null','2019-04-05 17:42:18.009201'),(11,'auth','0006_require_contenttypes_0002','2019-04-05 17:42:18.012970'),(12,'auth','0007_alter_validators_add_error_messages','2019-04-05 17:42:18.026304'),(13,'auth','0008_alter_user_username_max_length','2019-04-05 17:42:18.083646'),(14,'auth','0009_alter_user_last_name_max_length','2019-04-05 17:42:18.134955'),(15,'auth','0010_alter_group_name_max_length','2019-04-05 17:42:18.178569'),(16,'auth','0011_update_proxy_permissions','2019-04-05 17:42:18.189336'),(17,'sessions','0001_initial','2019-04-05 17:42:18.204885'),(18,'compania','0001_initial','2019-04-08 15:26:00.092366'),(19,'compania','0002_auto_20190408_1544','2019-04-08 15:46:18.889868'),(20,'empleado','0001_initial','2019-04-08 16:02:58.458175'),(21,'conductor','0001_initial','2019-04-08 16:38:32.896449'),(22,'equipo','0001_initial','2019-04-08 17:03:05.032451'),(23,'vehiculo','0001_initial','2019-04-08 17:17:06.847022'),(24,'prestamos','0001_initial','2019-04-08 17:48:59.029906'),(25,'remision','0001_initial','2019-04-08 19:56:48.699282'),(26,'equipo','0002_auto_20190409_0846','2019-04-09 14:46:54.291102'),(27,'remision','0002_auto_20190409_0846','2019-04-09 14:46:54.589305'),(28,'equipo','0003_auto_20190409_1026','2019-04-09 16:26:31.881201'),(29,'compania','0003_compania_estado','2019-05-02 18:39:41.714956'),(30,'equipo','0004_auto_20190502_1239','2019-05-02 18:39:41.876284'),(31,'compania','0004_auto_20190507_1402','2019-05-07 20:02:36.378894'),(32,'prestamos','0002_auto_20190508_1520','2019-05-08 21:20:43.856406'),(33,'remision','0003_auto_20190523_1118','2019-05-23 17:18:43.096851'),(34,'remision','0004_auto_20190529_1611','2019-05-29 22:32:04.235763'),(35,'remision','0005_auto_20190529_1613','2019-05-29 22:32:04.242155'),(36,'remision','0006_auto_20190529_1614','2019-05-29 22:32:04.245836'),(37,'remision','0007_remision_estado','2019-05-29 22:32:04.249993'),(38,'remision','0008_auto_20190529_1628','2019-05-29 22:32:04.255669'),(39,'remision','0009_auto_20190529_1633','2019-05-29 22:33:46.888754'),(40,'remision','0010_auto_20190529_1643','2019-05-29 22:43:13.887524'),(41,'prestamos','0003_auto_20190612_1452','2019-06-12 20:53:05.734444'),(42,'remision','0011_remision_observacion','2019-06-26 23:49:43.409549'),(43,'hielo_proceso','0001_initial','2019-06-27 20:04:52.039735'),(44,'hielo_proceso','0002_auto_20190627_1415','2019-06-27 20:15:11.025288'),(45,'hielo_proceso','0003_auto_20190627_1415','2019-06-27 20:15:54.627041'),(46,'hielo_proceso','0004_auto_20190627_1435','2019-06-27 20:35:40.645758'),(47,'hielo_proceso','0005_auto_20190627_1451','2019-06-27 20:51:29.238294'),(48,'hielo_proceso','0006_auto_20190628_1932','2019-06-29 01:32:27.366919'),(49,'hielo_proceso','0007_auto_20190628_2007','2019-06-29 02:07:51.746894'),(50,'hielo_proceso','0008_auto_20190628_2030','2019-06-29 02:30:55.433742'),(51,'hielo_proceso','0009_auto_20190629_0923','2019-06-29 15:24:00.015915'),(52,'hielo_proceso','0010_detallehieloproceso_carreton_blanco','2019-06-29 15:29:27.368425'),(53,'hielo_proceso','0011_auto_20190629_1129','2019-06-29 17:29:21.372590'),(54,'hielo_proceso','0012_auto_20190702_1045','2019-07-02 16:46:04.584195'),(55,'hielo_proceso','0013_auto_20190702_1101','2019-07-02 17:02:10.721477'),(56,'hielo_proceso','0014_auto_20190706_1919','2019-07-07 01:19:23.158161'),(57,'camaron','0001_initial','2019-07-07 05:22:18.180229'),(58,'camaron','0002_auto_20190707_0045','2019-07-07 06:59:12.221402'),(59,'camaron','0003_remove_cosecha_finca','2019-07-07 07:02:20.921102'),(60,'camaron','0004_auto_20190708_1000','2019-07-08 16:00:28.461913'),(61,'remision','0012_auto_20190712_0030','2019-07-12 06:30:33.006314'),(62,'remision','0013_auto_20190712_0032','2019-07-12 06:32:41.821062'),(63,'empleado','0002_auto_20190712_0115','2019-07-12 07:35:57.424232'),(64,'empleado','0003_auto_20190712_0135','2019-07-12 07:35:57.558543'),(65,'empleado','0004_auto_20190712_1338','2019-07-12 23:20:52.072215'),(66,'empleado','0005_auto_20190712_1707','2019-07-12 23:20:52.431783'),(67,'empleado','0006_auto_20190712_2203','2019-07-13 04:20:51.356229'),(68,'empleado','0007_auto_20190712_2225','2019-07-13 04:26:16.142674'),(69,'empleado','0008_auto_20190713_2200','2019-07-14 04:00:24.953915'),(70,'empleado','0009_auto_20190714_0023','2019-07-14 06:23:21.847662'),(71,'empleado','0010_auto_20190714_1130','2019-07-14 17:31:13.649985'),(72,'empleado','0011_auto_20190714_1552','2019-07-14 21:52:44.462135'),(73,'empleado','0012_auto_20190715_1115','2019-07-15 17:16:05.946329'),(74,'vehiculo','0002_auto_20190717_0022','2019-07-17 06:22:38.188315'),(75,'vehiculo','0003_auto_20190717_0628','2019-07-17 12:29:04.768515'),(76,'vehiculo','0004_auto_20190717_0648','2019-07-17 12:48:55.707290'),(77,'conductor','0002_auto_20190717_1136','2019-07-17 17:36:22.049841'),(78,'remision','0014_auto_20190723_2219','2019-07-24 04:22:58.736416'),(79,'prestamos','0004_auto_20190724_1407','2019-07-24 20:07:30.108856'),(80,'camaron','0005_auto_20190725_2217','2019-07-26 04:17:24.950162'),(81,'hielo_proceso','0015_auto_20190728_1316','2019-07-28 19:16:27.623092'),(82,'hielo_proceso','0016_auto_20190728_1753','2019-07-28 23:54:09.208374'),(83,'equipo','0005_auto_20190731_1514','2019-07-31 21:14:36.116750'),(84,'equipo','0006_auto_20190731_2104','2019-08-01 03:04:34.751256'),(85,'compania','0005_auto_20190801_1649','2019-08-01 22:49:58.136365'),(86,'compania','0006_auto_20190805_0249','2019-08-05 08:50:11.653169'),(87,'conductor','0003_auto_20190805_1455','2019-08-05 20:55:26.807761'),(88,'empleado','0013_auto_20190806_2112','2019-08-07 03:12:23.100534'),(89,'vehiculo','0005_auto_20190809_1314','2019-08-09 19:16:21.030791'),(90,'vehiculo','0006_auto_20190809_1315','2019-08-09 19:16:21.057397');
/*!40000 ALTER TABLE `django_migrations` ENABLE KEYS */;
UNLOCK TABLES;

--
-- Dumping data for table `django_session`
--

LOCK TABLES `django_session` WRITE;
/*!40000 ALTER TABLE `django_session` DISABLE KEYS */;
INSERT INTO `django_session` VALUES ('06ssdfq088s27vo02riwovs9inrx1h02','ODdlODc0NzlkMmRmNGE4ZDljOWU5NWEwNGEyMWUwMTk0MTdkOTVmMjp7fQ==','2019-04-22 15:46:37.395092'),('08jrs18v7mcqptv47uzir1921e3ct3bg','NTdlOGQzMjQxNDZlNTEyMGNiMDBlZTAzODAyNmNmZDU0MDg1YTk0Zjp7Il9hdXRoX3VzZXJfaWQiOiIxIiwiX2F1dGhfdXNlcl9iYWNrZW5kIjoiZGphbmdvLmNvbnRyaWIuYXV0aC5iYWNrZW5kcy5Nb2RlbEJhY2tlbmQiLCJfYXV0aF91c2VyX2hhc2giOiJmYTBhNGIxNDc1ZTI2MzMzMGZlY2Q2NTcyMWFkMTEyNmZjYmU2ZjVmIn0=','2019-08-12 17:04:00.913711'),('0w5w42t9h114hmib6kio3gmdahz6qsl8','ODdlODc0NzlkMmRmNGE4ZDljOWU5NWEwNGEyMWUwMTk0MTdkOTVmMjp7fQ==','2019-04-19 23:00:21.338089'),('2f9yrnptxv0gznk4e5gz39gqfw7as188','NTdlOGQzMjQxNDZlNTEyMGNiMDBlZTAzODAyNmNmZDU0MDg1YTk0Zjp7Il9hdXRoX3VzZXJfaWQiOiIxIiwiX2F1dGhfdXNlcl9iYWNrZW5kIjoiZGphbmdvLmNvbnRyaWIuYXV0aC5iYWNrZW5kcy5Nb2RlbEJhY2tlbmQiLCJfYXV0aF91c2VyX2hhc2giOiJmYTBhNGIxNDc1ZTI2MzMzMGZlY2Q2NTcyMWFkMTEyNmZjYmU2ZjVmIn0=','2019-08-14 22:26:27.708714'),('2ybdb99qhf437l89ozrn9t7h4qsojybi','NTdlOGQzMjQxNDZlNTEyMGNiMDBlZTAzODAyNmNmZDU0MDg1YTk0Zjp7Il9hdXRoX3VzZXJfaWQiOiIxIiwiX2F1dGhfdXNlcl9iYWNrZW5kIjoiZGphbmdvLmNvbnRyaWIuYXV0aC5iYWNrZW5kcy5Nb2RlbEJhY2tlbmQiLCJfYXV0aF91c2VyX2hhc2giOiJmYTBhNGIxNDc1ZTI2MzMzMGZlY2Q2NTcyMWFkMTEyNmZjYmU2ZjVmIn0=','2019-05-16 20:36:17.405795'),('33hrwzuw15q4cto9z3d19ls5hz4d3xhw','NTdlOGQzMjQxNDZlNTEyMGNiMDBlZTAzODAyNmNmZDU0MDg1YTk0Zjp7Il9hdXRoX3VzZXJfaWQiOiIxIiwiX2F1dGhfdXNlcl9iYWNrZW5kIjoiZGphbmdvLmNvbnRyaWIuYXV0aC5iYWNrZW5kcy5Nb2RlbEJhY2tlbmQiLCJfYXV0aF91c2VyX2hhc2giOiJmYTBhNGIxNDc1ZTI2MzMzMGZlY2Q2NTcyMWFkMTEyNmZjYmU2ZjVmIn0=','2019-04-22 21:42:04.141628'),('3ibpa8judhylsn0wkj60r5qsm4tfox7q','NTdlOGQzMjQxNDZlNTEyMGNiMDBlZTAzODAyNmNmZDU0MDg1YTk0Zjp7Il9hdXRoX3VzZXJfaWQiOiIxIiwiX2F1dGhfdXNlcl9iYWNrZW5kIjoiZGphbmdvLmNvbnRyaWIuYXV0aC5iYWNrZW5kcy5Nb2RlbEJhY2tlbmQiLCJfYXV0aF91c2VyX2hhc2giOiJmYTBhNGIxNDc1ZTI2MzMzMGZlY2Q2NTcyMWFkMTEyNmZjYmU2ZjVmIn0=','2019-06-05 17:58:42.018536'),('4byahamaapaa3omntre4hqi9s8i3swg0','NTdlOGQzMjQxNDZlNTEyMGNiMDBlZTAzODAyNmNmZDU0MDg1YTk0Zjp7Il9hdXRoX3VzZXJfaWQiOiIxIiwiX2F1dGhfdXNlcl9iYWNrZW5kIjoiZGphbmdvLmNvbnRyaWIuYXV0aC5iYWNrZW5kcy5Nb2RlbEJhY2tlbmQiLCJfYXV0aF91c2VyX2hhc2giOiJmYTBhNGIxNDc1ZTI2MzMzMGZlY2Q2NTcyMWFkMTEyNmZjYmU2ZjVmIn0=','2019-04-26 22:34:06.283642'),('68zq7vpf6df4vygr49d4jfcz5mqpv3uf','NTdlOGQzMjQxNDZlNTEyMGNiMDBlZTAzODAyNmNmZDU0MDg1YTk0Zjp7Il9hdXRoX3VzZXJfaWQiOiIxIiwiX2F1dGhfdXNlcl9iYWNrZW5kIjoiZGphbmdvLmNvbnRyaWIuYXV0aC5iYWNrZW5kcy5Nb2RlbEJhY2tlbmQiLCJfYXV0aF91c2VyX2hhc2giOiJmYTBhNGIxNDc1ZTI2MzMzMGZlY2Q2NTcyMWFkMTEyNmZjYmU2ZjVmIn0=','2019-07-09 04:38:52.946389'),('6fbc8huo1decy7rny8ok5qiu0zkcwr45','NTdlOGQzMjQxNDZlNTEyMGNiMDBlZTAzODAyNmNmZDU0MDg1YTk0Zjp7Il9hdXRoX3VzZXJfaWQiOiIxIiwiX2F1dGhfdXNlcl9iYWNrZW5kIjoiZGphbmdvLmNvbnRyaWIuYXV0aC5iYWNrZW5kcy5Nb2RlbEJhY2tlbmQiLCJfYXV0aF91c2VyX2hhc2giOiJmYTBhNGIxNDc1ZTI2MzMzMGZlY2Q2NTcyMWFkMTEyNmZjYmU2ZjVmIn0=','2019-07-29 21:17:03.583615'),('6greq08jjs015rsu10qxqd88637xm2gm','NTdlOGQzMjQxNDZlNTEyMGNiMDBlZTAzODAyNmNmZDU0MDg1YTk0Zjp7Il9hdXRoX3VzZXJfaWQiOiIxIiwiX2F1dGhfdXNlcl9iYWNrZW5kIjoiZGphbmdvLmNvbnRyaWIuYXV0aC5iYWNrZW5kcy5Nb2RlbEJhY2tlbmQiLCJfYXV0aF91c2VyX2hhc2giOiJmYTBhNGIxNDc1ZTI2MzMzMGZlY2Q2NTcyMWFkMTEyNmZjYmU2ZjVmIn0=','2019-05-16 20:01:30.484273'),('6ymceqccldyl5gl0c0l07ssw0l71x216','NTdlOGQzMjQxNDZlNTEyMGNiMDBlZTAzODAyNmNmZDU0MDg1YTk0Zjp7Il9hdXRoX3VzZXJfaWQiOiIxIiwiX2F1dGhfdXNlcl9iYWNrZW5kIjoiZGphbmdvLmNvbnRyaWIuYXV0aC5iYWNrZW5kcy5Nb2RlbEJhY2tlbmQiLCJfYXV0aF91c2VyX2hhc2giOiJmYTBhNGIxNDc1ZTI2MzMzMGZlY2Q2NTcyMWFkMTEyNmZjYmU2ZjVmIn0=','2019-04-26 16:01:25.073893'),('789z4ryuucinh0jv9mle0xuxoqe5ef2a','NTdlOGQzMjQxNDZlNTEyMGNiMDBlZTAzODAyNmNmZDU0MDg1YTk0Zjp7Il9hdXRoX3VzZXJfaWQiOiIxIiwiX2F1dGhfdXNlcl9iYWNrZW5kIjoiZGphbmdvLmNvbnRyaWIuYXV0aC5iYWNrZW5kcy5Nb2RlbEJhY2tlbmQiLCJfYXV0aF91c2VyX2hhc2giOiJmYTBhNGIxNDc1ZTI2MzMzMGZlY2Q2NTcyMWFkMTEyNmZjYmU2ZjVmIn0=','2019-07-31 06:25:43.045410'),('7m2nx1ig2cjc57yaaj1ixqs9dv2r3479','NTdlOGQzMjQxNDZlNTEyMGNiMDBlZTAzODAyNmNmZDU0MDg1YTk0Zjp7Il9hdXRoX3VzZXJfaWQiOiIxIiwiX2F1dGhfdXNlcl9iYWNrZW5kIjoiZGphbmdvLmNvbnRyaWIuYXV0aC5iYWNrZW5kcy5Nb2RlbEJhY2tlbmQiLCJfYXV0aF91c2VyX2hhc2giOiJmYTBhNGIxNDc1ZTI2MzMzMGZlY2Q2NTcyMWFkMTEyNmZjYmU2ZjVmIn0=','2019-05-16 19:27:15.797903'),('8x4gv1r66i5e3wbp07oegyf05guoav50','NTdlOGQzMjQxNDZlNTEyMGNiMDBlZTAzODAyNmNmZDU0MDg1YTk0Zjp7Il9hdXRoX3VzZXJfaWQiOiIxIiwiX2F1dGhfdXNlcl9iYWNrZW5kIjoiZGphbmdvLmNvbnRyaWIuYXV0aC5iYWNrZW5kcy5Nb2RlbEJhY2tlbmQiLCJfYXV0aF91c2VyX2hhc2giOiJmYTBhNGIxNDc1ZTI2MzMzMGZlY2Q2NTcyMWFkMTEyNmZjYmU2ZjVmIn0=','2019-08-07 04:41:05.392972'),('9ecxvb3v55mrslgypm8kofhj2s6yop3e','NTdlOGQzMjQxNDZlNTEyMGNiMDBlZTAzODAyNmNmZDU0MDg1YTk0Zjp7Il9hdXRoX3VzZXJfaWQiOiIxIiwiX2F1dGhfdXNlcl9iYWNrZW5kIjoiZGphbmdvLmNvbnRyaWIuYXV0aC5iYWNrZW5kcy5Nb2RlbEJhY2tlbmQiLCJfYXV0aF91c2VyX2hhc2giOiJmYTBhNGIxNDc1ZTI2MzMzMGZlY2Q2NTcyMWFkMTEyNmZjYmU2ZjVmIn0=','2019-06-07 15:47:36.065767'),('9ljlxetn1oosj58meee7xaaeykdtu4yo','NTdlOGQzMjQxNDZlNTEyMGNiMDBlZTAzODAyNmNmZDU0MDg1YTk0Zjp7Il9hdXRoX3VzZXJfaWQiOiIxIiwiX2F1dGhfdXNlcl9iYWNrZW5kIjoiZGphbmdvLmNvbnRyaWIuYXV0aC5iYWNrZW5kcy5Nb2RlbEJhY2tlbmQiLCJfYXV0aF91c2VyX2hhc2giOiJmYTBhNGIxNDc1ZTI2MzMzMGZlY2Q2NTcyMWFkMTEyNmZjYmU2ZjVmIn0=','2019-08-16 21:25:28.917026'),('ag2c0p7y2w9d19m0lfu5j5fnmfglj7q9','NTdlOGQzMjQxNDZlNTEyMGNiMDBlZTAzODAyNmNmZDU0MDg1YTk0Zjp7Il9hdXRoX3VzZXJfaWQiOiIxIiwiX2F1dGhfdXNlcl9iYWNrZW5kIjoiZGphbmdvLmNvbnRyaWIuYXV0aC5iYWNrZW5kcy5Nb2RlbEJhY2tlbmQiLCJfYXV0aF91c2VyX2hhc2giOiJmYTBhNGIxNDc1ZTI2MzMzMGZlY2Q2NTcyMWFkMTEyNmZjYmU2ZjVmIn0=','2019-08-13 04:09:31.991356'),('ajql356vlnzp23vb5nm8b5g88k12kz3c','NTdlOGQzMjQxNDZlNTEyMGNiMDBlZTAzODAyNmNmZDU0MDg1YTk0Zjp7Il9hdXRoX3VzZXJfaWQiOiIxIiwiX2F1dGhfdXNlcl9iYWNrZW5kIjoiZGphbmdvLmNvbnRyaWIuYXV0aC5iYWNrZW5kcy5Nb2RlbEJhY2tlbmQiLCJfYXV0aF91c2VyX2hhc2giOiJmYTBhNGIxNDc1ZTI2MzMzMGZlY2Q2NTcyMWFkMTEyNmZjYmU2ZjVmIn0=','2019-08-13 15:53:09.638237'),('b6sjkyzxhu644c1z52tzfdhsn4danb8k','NTdlOGQzMjQxNDZlNTEyMGNiMDBlZTAzODAyNmNmZDU0MDg1YTk0Zjp7Il9hdXRoX3VzZXJfaWQiOiIxIiwiX2F1dGhfdXNlcl9iYWNrZW5kIjoiZGphbmdvLmNvbnRyaWIuYXV0aC5iYWNrZW5kcy5Nb2RlbEJhY2tlbmQiLCJfYXV0aF91c2VyX2hhc2giOiJmYTBhNGIxNDc1ZTI2MzMzMGZlY2Q2NTcyMWFkMTEyNmZjYmU2ZjVmIn0=','2019-04-22 23:05:22.910769'),('bn77mru6x5klfk5g830uvohlsgr7pd5y','NTdlOGQzMjQxNDZlNTEyMGNiMDBlZTAzODAyNmNmZDU0MDg1YTk0Zjp7Il9hdXRoX3VzZXJfaWQiOiIxIiwiX2F1dGhfdXNlcl9iYWNrZW5kIjoiZGphbmdvLmNvbnRyaWIuYXV0aC5iYWNrZW5kcy5Nb2RlbEJhY2tlbmQiLCJfYXV0aF91c2VyX2hhc2giOiJmYTBhNGIxNDc1ZTI2MzMzMGZlY2Q2NTcyMWFkMTEyNmZjYmU2ZjVmIn0=','2019-07-11 02:42:49.735848'),('ctawb612fupdls1ch0agv0xee293n1sx','ZDVhM2RlODc5ZmMwZjJmMjFlYmExMWQxOTM1NDkzYWQ4MjAyYTc5Nzp7Il9hdXRoX3VzZXJfaWQiOiIxOCIsIl9hdXRoX3VzZXJfYmFja2VuZCI6ImRqYW5nby5jb250cmliLmF1dGguYmFja2VuZHMuTW9kZWxCYWNrZW5kIiwiX2F1dGhfdXNlcl9oYXNoIjoiY2VkODk1MDA5NzUyYmQxOTA1MzFiODRmZmM4Y2IzZjQ4MGZiY2VkZiJ9','2019-08-12 19:18:41.973798'),('einyfl1u77y6tm8dgbov4itybet01t8j','NTdlOGQzMjQxNDZlNTEyMGNiMDBlZTAzODAyNmNmZDU0MDg1YTk0Zjp7Il9hdXRoX3VzZXJfaWQiOiIxIiwiX2F1dGhfdXNlcl9iYWNrZW5kIjoiZGphbmdvLmNvbnRyaWIuYXV0aC5iYWNrZW5kcy5Nb2RlbEJhY2tlbmQiLCJfYXV0aF91c2VyX2hhc2giOiJmYTBhNGIxNDc1ZTI2MzMzMGZlY2Q2NTcyMWFkMTEyNmZjYmU2ZjVmIn0=','2019-06-18 14:18:17.549503'),('eztexg0hp0k7pbhcu85wk7gtaa3yjipe','NTdlOGQzMjQxNDZlNTEyMGNiMDBlZTAzODAyNmNmZDU0MDg1YTk0Zjp7Il9hdXRoX3VzZXJfaWQiOiIxIiwiX2F1dGhfdXNlcl9iYWNrZW5kIjoiZGphbmdvLmNvbnRyaWIuYXV0aC5iYWNrZW5kcy5Nb2RlbEJhY2tlbmQiLCJfYXV0aF91c2VyX2hhc2giOiJmYTBhNGIxNDc1ZTI2MzMzMGZlY2Q2NTcyMWFkMTEyNmZjYmU2ZjVmIn0=','2019-07-31 15:20:31.714642'),('f5kmiacund7ktjjcxmxuc9npwr9iwim9','NTdlOGQzMjQxNDZlNTEyMGNiMDBlZTAzODAyNmNmZDU0MDg1YTk0Zjp7Il9hdXRoX3VzZXJfaWQiOiIxIiwiX2F1dGhfdXNlcl9iYWNrZW5kIjoiZGphbmdvLmNvbnRyaWIuYXV0aC5iYWNrZW5kcy5Nb2RlbEJhY2tlbmQiLCJfYXV0aF91c2VyX2hhc2giOiJmYTBhNGIxNDc1ZTI2MzMzMGZlY2Q2NTcyMWFkMTEyNmZjYmU2ZjVmIn0=','2019-05-16 20:06:18.256831'),('f7z9kuxfirq9ylw34eiyrk6f7gd23vrx','NTdlOGQzMjQxNDZlNTEyMGNiMDBlZTAzODAyNmNmZDU0MDg1YTk0Zjp7Il9hdXRoX3VzZXJfaWQiOiIxIiwiX2F1dGhfdXNlcl9iYWNrZW5kIjoiZGphbmdvLmNvbnRyaWIuYXV0aC5iYWNrZW5kcy5Nb2RlbEJhY2tlbmQiLCJfYXV0aF91c2VyX2hhc2giOiJmYTBhNGIxNDc1ZTI2MzMzMGZlY2Q2NTcyMWFkMTEyNmZjYmU2ZjVmIn0=','2019-08-12 15:03:13.279749'),('f9wm99imayo5g6y7yz83wgcl1vs7ri12','ODdlODc0NzlkMmRmNGE4ZDljOWU5NWEwNGEyMWUwMTk0MTdkOTVmMjp7fQ==','2019-07-27 04:35:14.221393'),('fhxjudt1vms442gd1h1wz0fd5ocbv60k','NTdlOGQzMjQxNDZlNTEyMGNiMDBlZTAzODAyNmNmZDU0MDg1YTk0Zjp7Il9hdXRoX3VzZXJfaWQiOiIxIiwiX2F1dGhfdXNlcl9iYWNrZW5kIjoiZGphbmdvLmNvbnRyaWIuYXV0aC5iYWNrZW5kcy5Nb2RlbEJhY2tlbmQiLCJfYXV0aF91c2VyX2hhc2giOiJmYTBhNGIxNDc1ZTI2MzMzMGZlY2Q2NTcyMWFkMTEyNmZjYmU2ZjVmIn0=','2019-07-02 17:12:52.379613'),('g1oj5wgagxshxdjp25ogam0cgnoq5kak','NTdlOGQzMjQxNDZlNTEyMGNiMDBlZTAzODAyNmNmZDU0MDg1YTk0Zjp7Il9hdXRoX3VzZXJfaWQiOiIxIiwiX2F1dGhfdXNlcl9iYWNrZW5kIjoiZGphbmdvLmNvbnRyaWIuYXV0aC5iYWNrZW5kcy5Nb2RlbEJhY2tlbmQiLCJfYXV0aF91c2VyX2hhc2giOiJmYTBhNGIxNDc1ZTI2MzMzMGZlY2Q2NTcyMWFkMTEyNmZjYmU2ZjVmIn0=','2019-07-09 01:07:15.752621'),('gi0cyst6ogxoso1820o1s8hptj25ne2n','NTdlOGQzMjQxNDZlNTEyMGNiMDBlZTAzODAyNmNmZDU0MDg1YTk0Zjp7Il9hdXRoX3VzZXJfaWQiOiIxIiwiX2F1dGhfdXNlcl9iYWNrZW5kIjoiZGphbmdvLmNvbnRyaWIuYXV0aC5iYWNrZW5kcy5Nb2RlbEJhY2tlbmQiLCJfYXV0aF91c2VyX2hhc2giOiJmYTBhNGIxNDc1ZTI2MzMzMGZlY2Q2NTcyMWFkMTEyNmZjYmU2ZjVmIn0=','2019-07-06 21:42:17.120995'),('gif9oi7wvzeou0cnvpgjk8awna7h9uz9','ODdlODc0NzlkMmRmNGE4ZDljOWU5NWEwNGEyMWUwMTk0MTdkOTVmMjp7fQ==','2019-04-19 23:03:57.185561'),('gu8lew4qybsktp03556k6hravejnlxm8','NTdlOGQzMjQxNDZlNTEyMGNiMDBlZTAzODAyNmNmZDU0MDg1YTk0Zjp7Il9hdXRoX3VzZXJfaWQiOiIxIiwiX2F1dGhfdXNlcl9iYWNrZW5kIjoiZGphbmdvLmNvbnRyaWIuYXV0aC5iYWNrZW5kcy5Nb2RlbEJhY2tlbmQiLCJfYXV0aF91c2VyX2hhc2giOiJmYTBhNGIxNDc1ZTI2MzMzMGZlY2Q2NTcyMWFkMTEyNmZjYmU2ZjVmIn0=','2019-08-21 08:21:29.106682'),('gxo8efnzqr26th02sis893lkioo3nqau','NTdlOGQzMjQxNDZlNTEyMGNiMDBlZTAzODAyNmNmZDU0MDg1YTk0Zjp7Il9hdXRoX3VzZXJfaWQiOiIxIiwiX2F1dGhfdXNlcl9iYWNrZW5kIjoiZGphbmdvLmNvbnRyaWIuYXV0aC5iYWNrZW5kcy5Nb2RlbEJhY2tlbmQiLCJfYXV0aF91c2VyX2hhc2giOiJmYTBhNGIxNDc1ZTI2MzMzMGZlY2Q2NTcyMWFkMTEyNmZjYmU2ZjVmIn0=','2019-05-16 20:27:06.799473'),('i3echng64g1aus9l3wbrxu9qlzp3tn1c','NTdlOGQzMjQxNDZlNTEyMGNiMDBlZTAzODAyNmNmZDU0MDg1YTk0Zjp7Il9hdXRoX3VzZXJfaWQiOiIxIiwiX2F1dGhfdXNlcl9iYWNrZW5kIjoiZGphbmdvLmNvbnRyaWIuYXV0aC5iYWNrZW5kcy5Nb2RlbEJhY2tlbmQiLCJfYXV0aF91c2VyX2hhc2giOiJmYTBhNGIxNDc1ZTI2MzMzMGZlY2Q2NTcyMWFkMTEyNmZjYmU2ZjVmIn0=','2019-04-26 15:10:31.104050'),('is4urifqnkk9avrmeaed5509ipdqye2a','NTdlOGQzMjQxNDZlNTEyMGNiMDBlZTAzODAyNmNmZDU0MDg1YTk0Zjp7Il9hdXRoX3VzZXJfaWQiOiIxIiwiX2F1dGhfdXNlcl9iYWNrZW5kIjoiZGphbmdvLmNvbnRyaWIuYXV0aC5iYWNrZW5kcy5Nb2RlbEJhY2tlbmQiLCJfYXV0aF91c2VyX2hhc2giOiJmYTBhNGIxNDc1ZTI2MzMzMGZlY2Q2NTcyMWFkMTEyNmZjYmU2ZjVmIn0=','2019-08-13 02:33:22.309507'),('j2oscpf341chetyb0owvzyy5aket9tzz','NTdlOGQzMjQxNDZlNTEyMGNiMDBlZTAzODAyNmNmZDU0MDg1YTk0Zjp7Il9hdXRoX3VzZXJfaWQiOiIxIiwiX2F1dGhfdXNlcl9iYWNrZW5kIjoiZGphbmdvLmNvbnRyaWIuYXV0aC5iYWNrZW5kcy5Nb2RlbEJhY2tlbmQiLCJfYXV0aF91c2VyX2hhc2giOiJmYTBhNGIxNDc1ZTI2MzMzMGZlY2Q2NTcyMWFkMTEyNmZjYmU2ZjVmIn0=','2019-05-30 20:37:49.397835'),('jsobic3ek794rkpqq7ugc3020njwbyg8','ODdlODc0NzlkMmRmNGE4ZDljOWU5NWEwNGEyMWUwMTk0MTdkOTVmMjp7fQ==','2019-04-22 16:25:02.524026'),('kfl1luzhi1yoyd729tfd7f8m6v8od3y6','NTdlOGQzMjQxNDZlNTEyMGNiMDBlZTAzODAyNmNmZDU0MDg1YTk0Zjp7Il9hdXRoX3VzZXJfaWQiOiIxIiwiX2F1dGhfdXNlcl9iYWNrZW5kIjoiZGphbmdvLmNvbnRyaWIuYXV0aC5iYWNrZW5kcy5Nb2RlbEJhY2tlbmQiLCJfYXV0aF91c2VyX2hhc2giOiJmYTBhNGIxNDc1ZTI2MzMzMGZlY2Q2NTcyMWFkMTEyNmZjYmU2ZjVmIn0=','2019-05-13 20:11:19.446415'),('l1e31i1itbnepyqibkm5978o3bnz5yu0','ZDVhM2RlODc5ZmMwZjJmMjFlYmExMWQxOTM1NDkzYWQ4MjAyYTc5Nzp7Il9hdXRoX3VzZXJfaWQiOiIxOCIsIl9hdXRoX3VzZXJfYmFja2VuZCI6ImRqYW5nby5jb250cmliLmF1dGguYmFja2VuZHMuTW9kZWxCYWNrZW5kIiwiX2F1dGhfdXNlcl9oYXNoIjoiY2VkODk1MDA5NzUyYmQxOTA1MzFiODRmZmM4Y2IzZjQ4MGZiY2VkZiJ9','2019-08-12 14:35:26.619891'),('l601dsa6k0aei9nrs7uzzf1i71g72txk','ODdlODc0NzlkMmRmNGE4ZDljOWU5NWEwNGEyMWUwMTk0MTdkOTVmMjp7fQ==','2019-04-22 16:23:49.355573'),('lv6bu413ttk92tv3ruokexcmb07ugvmh','NTdlOGQzMjQxNDZlNTEyMGNiMDBlZTAzODAyNmNmZDU0MDg1YTk0Zjp7Il9hdXRoX3VzZXJfaWQiOiIxIiwiX2F1dGhfdXNlcl9iYWNrZW5kIjoiZGphbmdvLmNvbnRyaWIuYXV0aC5iYWNrZW5kcy5Nb2RlbEJhY2tlbmQiLCJfYXV0aF91c2VyX2hhc2giOiJmYTBhNGIxNDc1ZTI2MzMzMGZlY2Q2NTcyMWFkMTEyNmZjYmU2ZjVmIn0=','2019-05-14 21:00:03.926279'),('lv90tcxmy3858c24aid3lt3h0cp003cz','YTBkOTgyODk5ZTkzNDc4MmMwZWY5OGE3Y2U2NGY0ODllZDcxMTY3Zjp7Il9hdXRoX3VzZXJfaWQiOiIyMCIsIl9hdXRoX3VzZXJfYmFja2VuZCI6ImRqYW5nby5jb250cmliLmF1dGguYmFja2VuZHMuTW9kZWxCYWNrZW5kIiwiX2F1dGhfdXNlcl9oYXNoIjoiMmQ2MWMyOTk0YzhkY2M3MDNmY2U5MWU2ZWRlNjY2Nzg2OTU4MWE3YSJ9','2019-08-12 19:22:51.540375'),('m6ev7ufjwej0w94ajsuh98f7mgof3abb','ODdlODc0NzlkMmRmNGE4ZDljOWU5NWEwNGEyMWUwMTk0MTdkOTVmMjp7fQ==','2019-07-30 00:35:45.633242'),('mmd0yeycohirvxmnhhc9ojl7mu6kv7au','NTdlOGQzMjQxNDZlNTEyMGNiMDBlZTAzODAyNmNmZDU0MDg1YTk0Zjp7Il9hdXRoX3VzZXJfaWQiOiIxIiwiX2F1dGhfdXNlcl9iYWNrZW5kIjoiZGphbmdvLmNvbnRyaWIuYXV0aC5iYWNrZW5kcy5Nb2RlbEJhY2tlbmQiLCJfYXV0aF91c2VyX2hhc2giOiJmYTBhNGIxNDc1ZTI2MzMzMGZlY2Q2NTcyMWFkMTEyNmZjYmU2ZjVmIn0=','2019-05-16 18:40:11.747889'),('muzb4ctht03ft51lhr2dqtm6s09hzrre','ZDVhM2RlODc5ZmMwZjJmMjFlYmExMWQxOTM1NDkzYWQ4MjAyYTc5Nzp7Il9hdXRoX3VzZXJfaWQiOiIxOCIsIl9hdXRoX3VzZXJfYmFja2VuZCI6ImRqYW5nby5jb250cmliLmF1dGguYmFja2VuZHMuTW9kZWxCYWNrZW5kIiwiX2F1dGhfdXNlcl9oYXNoIjoiY2VkODk1MDA5NzUyYmQxOTA1MzFiODRmZmM4Y2IzZjQ4MGZiY2VkZiJ9','2019-08-21 05:22:12.866366'),('n9po8u5e57s590oqq6yp63yj0vzrf9qm','ZDVhM2RlODc5ZmMwZjJmMjFlYmExMWQxOTM1NDkzYWQ4MjAyYTc5Nzp7Il9hdXRoX3VzZXJfaWQiOiIxOCIsIl9hdXRoX3VzZXJfYmFja2VuZCI6ImRqYW5nby5jb250cmliLmF1dGguYmFja2VuZHMuTW9kZWxCYWNrZW5kIiwiX2F1dGhfdXNlcl9oYXNoIjoiY2VkODk1MDA5NzUyYmQxOTA1MzFiODRmZmM4Y2IzZjQ4MGZiY2VkZiJ9','2019-08-23 18:15:32.223586'),('o05esfmxg1m6h717f2x8q6ivx7mm7u42','NTdlOGQzMjQxNDZlNTEyMGNiMDBlZTAzODAyNmNmZDU0MDg1YTk0Zjp7Il9hdXRoX3VzZXJfaWQiOiIxIiwiX2F1dGhfdXNlcl9iYWNrZW5kIjoiZGphbmdvLmNvbnRyaWIuYXV0aC5iYWNrZW5kcy5Nb2RlbEJhY2tlbmQiLCJfYXV0aF91c2VyX2hhc2giOiJmYTBhNGIxNDc1ZTI2MzMzMGZlY2Q2NTcyMWFkMTEyNmZjYmU2ZjVmIn0=','2019-05-16 20:25:35.083867'),('o5872boufe0op90zlcglwqx2saqes6gg','ODdlODc0NzlkMmRmNGE4ZDljOWU5NWEwNGEyMWUwMTk0MTdkOTVmMjp7fQ==','2019-04-22 16:19:04.680416'),('op3dzzmqmjjdr41pfgrk8wux0bkk36g4','NTdlOGQzMjQxNDZlNTEyMGNiMDBlZTAzODAyNmNmZDU0MDg1YTk0Zjp7Il9hdXRoX3VzZXJfaWQiOiIxIiwiX2F1dGhfdXNlcl9iYWNrZW5kIjoiZGphbmdvLmNvbnRyaWIuYXV0aC5iYWNrZW5kcy5Nb2RlbEJhY2tlbmQiLCJfYXV0aF91c2VyX2hhc2giOiJmYTBhNGIxNDc1ZTI2MzMzMGZlY2Q2NTcyMWFkMTEyNmZjYmU2ZjVmIn0=','2019-06-05 03:08:10.044374'),('pn3hchaf4ipmcpp585wk3mfyh2xnec4d','NTdlOGQzMjQxNDZlNTEyMGNiMDBlZTAzODAyNmNmZDU0MDg1YTk0Zjp7Il9hdXRoX3VzZXJfaWQiOiIxIiwiX2F1dGhfdXNlcl9iYWNrZW5kIjoiZGphbmdvLmNvbnRyaWIuYXV0aC5iYWNrZW5kcy5Nb2RlbEJhY2tlbmQiLCJfYXV0aF91c2VyX2hhc2giOiJmYTBhNGIxNDc1ZTI2MzMzMGZlY2Q2NTcyMWFkMTEyNmZjYmU2ZjVmIn0=','2019-04-23 22:59:13.013927'),('ppjkd00jnnpo8j3v5hs9ayezlv2wlw09','NTdlOGQzMjQxNDZlNTEyMGNiMDBlZTAzODAyNmNmZDU0MDg1YTk0Zjp7Il9hdXRoX3VzZXJfaWQiOiIxIiwiX2F1dGhfdXNlcl9iYWNrZW5kIjoiZGphbmdvLmNvbnRyaWIuYXV0aC5iYWNrZW5kcy5Nb2RlbEJhY2tlbmQiLCJfYXV0aF91c2VyX2hhc2giOiJmYTBhNGIxNDc1ZTI2MzMzMGZlY2Q2NTcyMWFkMTEyNmZjYmU2ZjVmIn0=','2019-04-23 20:01:18.324370'),('qchbkx99n4gcv6mppm371wmcq040wlqd','NTdlOGQzMjQxNDZlNTEyMGNiMDBlZTAzODAyNmNmZDU0MDg1YTk0Zjp7Il9hdXRoX3VzZXJfaWQiOiIxIiwiX2F1dGhfdXNlcl9iYWNrZW5kIjoiZGphbmdvLmNvbnRyaWIuYXV0aC5iYWNrZW5kcy5Nb2RlbEJhY2tlbmQiLCJfYXV0aF91c2VyX2hhc2giOiJmYTBhNGIxNDc1ZTI2MzMzMGZlY2Q2NTcyMWFkMTEyNmZjYmU2ZjVmIn0=','2019-08-13 15:58:12.015049'),('rlp6hmke26lqs7r3k5pdqs8c28a5vd0w','ODdlODc0NzlkMmRmNGE4ZDljOWU5NWEwNGEyMWUwMTk0MTdkOTVmMjp7fQ==','2019-07-29 20:21:01.398816'),('rnmwdnot22j3om0uxq5kdiek416gx6cx','NTdlOGQzMjQxNDZlNTEyMGNiMDBlZTAzODAyNmNmZDU0MDg1YTk0Zjp7Il9hdXRoX3VzZXJfaWQiOiIxIiwiX2F1dGhfdXNlcl9iYWNrZW5kIjoiZGphbmdvLmNvbnRyaWIuYXV0aC5iYWNrZW5kcy5Nb2RlbEJhY2tlbmQiLCJfYXV0aF91c2VyX2hhc2giOiJmYTBhNGIxNDc1ZTI2MzMzMGZlY2Q2NTcyMWFkMTEyNmZjYmU2ZjVmIn0=','2019-04-26 15:25:07.117015'),('rsg1vi9qqy67g2w5d8rn5bofzjmfpk7u','NTdlOGQzMjQxNDZlNTEyMGNiMDBlZTAzODAyNmNmZDU0MDg1YTk0Zjp7Il9hdXRoX3VzZXJfaWQiOiIxIiwiX2F1dGhfdXNlcl9iYWNrZW5kIjoiZGphbmdvLmNvbnRyaWIuYXV0aC5iYWNrZW5kcy5Nb2RlbEJhY2tlbmQiLCJfYXV0aF91c2VyX2hhc2giOiJmYTBhNGIxNDc1ZTI2MzMzMGZlY2Q2NTcyMWFkMTEyNmZjYmU2ZjVmIn0=','2019-05-13 19:15:44.742057'),('rz507unqw70g7ngkyggjoqg91n0jppus','NTdlOGQzMjQxNDZlNTEyMGNiMDBlZTAzODAyNmNmZDU0MDg1YTk0Zjp7Il9hdXRoX3VzZXJfaWQiOiIxIiwiX2F1dGhfdXNlcl9iYWNrZW5kIjoiZGphbmdvLmNvbnRyaWIuYXV0aC5iYWNrZW5kcy5Nb2RlbEJhY2tlbmQiLCJfYXV0aF91c2VyX2hhc2giOiJmYTBhNGIxNDc1ZTI2MzMzMGZlY2Q2NTcyMWFkMTEyNmZjYmU2ZjVmIn0=','2019-05-20 18:20:08.838659'),('s6taralgki21b2g0sh0p3r6f83vxj2n6','NTdlOGQzMjQxNDZlNTEyMGNiMDBlZTAzODAyNmNmZDU0MDg1YTk0Zjp7Il9hdXRoX3VzZXJfaWQiOiIxIiwiX2F1dGhfdXNlcl9iYWNrZW5kIjoiZGphbmdvLmNvbnRyaWIuYXV0aC5iYWNrZW5kcy5Nb2RlbEJhY2tlbmQiLCJfYXV0aF91c2VyX2hhc2giOiJmYTBhNGIxNDc1ZTI2MzMzMGZlY2Q2NTcyMWFkMTEyNmZjYmU2ZjVmIn0=','2019-06-07 17:42:11.236741'),('sxdcj702jbkpt21zc8595j7imvble0pr','NTdlOGQzMjQxNDZlNTEyMGNiMDBlZTAzODAyNmNmZDU0MDg1YTk0Zjp7Il9hdXRoX3VzZXJfaWQiOiIxIiwiX2F1dGhfdXNlcl9iYWNrZW5kIjoiZGphbmdvLmNvbnRyaWIuYXV0aC5iYWNrZW5kcy5Nb2RlbEJhY2tlbmQiLCJfYXV0aF91c2VyX2hhc2giOiJmYTBhNGIxNDc1ZTI2MzMzMGZlY2Q2NTcyMWFkMTEyNmZjYmU2ZjVmIn0=','2019-07-09 16:27:44.600584'),('u7q233rwo903fwg3sv751vac6y2dx4q6','NTdlOGQzMjQxNDZlNTEyMGNiMDBlZTAzODAyNmNmZDU0MDg1YTk0Zjp7Il9hdXRoX3VzZXJfaWQiOiIxIiwiX2F1dGhfdXNlcl9iYWNrZW5kIjoiZGphbmdvLmNvbnRyaWIuYXV0aC5iYWNrZW5kcy5Nb2RlbEJhY2tlbmQiLCJfYXV0aF91c2VyX2hhc2giOiJmYTBhNGIxNDc1ZTI2MzMzMGZlY2Q2NTcyMWFkMTEyNmZjYmU2ZjVmIn0=','2019-07-09 21:59:17.923338'),('ug5ef1s2unn0aixkd8a566trx57rczhh','NTdlOGQzMjQxNDZlNTEyMGNiMDBlZTAzODAyNmNmZDU0MDg1YTk0Zjp7Il9hdXRoX3VzZXJfaWQiOiIxIiwiX2F1dGhfdXNlcl9iYWNrZW5kIjoiZGphbmdvLmNvbnRyaWIuYXV0aC5iYWNrZW5kcy5Nb2RlbEJhY2tlbmQiLCJfYXV0aF91c2VyX2hhc2giOiJmYTBhNGIxNDc1ZTI2MzMzMGZlY2Q2NTcyMWFkMTEyNmZjYmU2ZjVmIn0=','2019-04-23 17:24:55.537986'),('veihdletw5qswukr5nfr70tytqed7sw2','NTdlOGQzMjQxNDZlNTEyMGNiMDBlZTAzODAyNmNmZDU0MDg1YTk0Zjp7Il9hdXRoX3VzZXJfaWQiOiIxIiwiX2F1dGhfdXNlcl9iYWNrZW5kIjoiZGphbmdvLmNvbnRyaWIuYXV0aC5iYWNrZW5kcy5Nb2RlbEJhY2tlbmQiLCJfYXV0aF91c2VyX2hhc2giOiJmYTBhNGIxNDc1ZTI2MzMzMGZlY2Q2NTcyMWFkMTEyNmZjYmU2ZjVmIn0=','2019-07-26 06:55:01.915330'),('vtdmjbe4zkpfcukh4nkcn5xt03qvwfgd','NTdlOGQzMjQxNDZlNTEyMGNiMDBlZTAzODAyNmNmZDU0MDg1YTk0Zjp7Il9hdXRoX3VzZXJfaWQiOiIxIiwiX2F1dGhfdXNlcl9iYWNrZW5kIjoiZGphbmdvLmNvbnRyaWIuYXV0aC5iYWNrZW5kcy5Nb2RlbEJhY2tlbmQiLCJfYXV0aF91c2VyX2hhc2giOiJmYTBhNGIxNDc1ZTI2MzMzMGZlY2Q2NTcyMWFkMTEyNmZjYmU2ZjVmIn0=','2019-05-13 15:24:25.317252'),('vuhnxjyjoo5pebsbre9h2yub6fj62f6r','NTdlOGQzMjQxNDZlNTEyMGNiMDBlZTAzODAyNmNmZDU0MDg1YTk0Zjp7Il9hdXRoX3VzZXJfaWQiOiIxIiwiX2F1dGhfdXNlcl9iYWNrZW5kIjoiZGphbmdvLmNvbnRyaWIuYXV0aC5iYWNrZW5kcy5Nb2RlbEJhY2tlbmQiLCJfYXV0aF91c2VyX2hhc2giOiJmYTBhNGIxNDc1ZTI2MzMzMGZlY2Q2NTcyMWFkMTEyNmZjYmU2ZjVmIn0=','2019-06-08 16:13:23.009510'),('vuuxeg119seavgyg490oaqmsa3vmjoip','NTdlOGQzMjQxNDZlNTEyMGNiMDBlZTAzODAyNmNmZDU0MDg1YTk0Zjp7Il9hdXRoX3VzZXJfaWQiOiIxIiwiX2F1dGhfdXNlcl9iYWNrZW5kIjoiZGphbmdvLmNvbnRyaWIuYXV0aC5iYWNrZW5kcy5Nb2RlbEJhY2tlbmQiLCJfYXV0aF91c2VyX2hhc2giOiJmYTBhNGIxNDc1ZTI2MzMzMGZlY2Q2NTcyMWFkMTEyNmZjYmU2ZjVmIn0=','2019-06-06 22:51:37.300716'),('w3d6qtk6fuk6xqxhsqcu3vxi0mhy5eah','NTdlOGQzMjQxNDZlNTEyMGNiMDBlZTAzODAyNmNmZDU0MDg1YTk0Zjp7Il9hdXRoX3VzZXJfaWQiOiIxIiwiX2F1dGhfdXNlcl9iYWNrZW5kIjoiZGphbmdvLmNvbnRyaWIuYXV0aC5iYWNrZW5kcy5Nb2RlbEJhY2tlbmQiLCJfYXV0aF91c2VyX2hhc2giOiJmYTBhNGIxNDc1ZTI2MzMzMGZlY2Q2NTcyMWFkMTEyNmZjYmU2ZjVmIn0=','2019-07-06 22:38:34.619500'),('wmaxbtmxmzyg8uvf7kpo6u23e6br2f36','NTdlOGQzMjQxNDZlNTEyMGNiMDBlZTAzODAyNmNmZDU0MDg1YTk0Zjp7Il9hdXRoX3VzZXJfaWQiOiIxIiwiX2F1dGhfdXNlcl9iYWNrZW5kIjoiZGphbmdvLmNvbnRyaWIuYXV0aC5iYWNrZW5kcy5Nb2RlbEJhY2tlbmQiLCJfYXV0aF91c2VyX2hhc2giOiJmYTBhNGIxNDc1ZTI2MzMzMGZlY2Q2NTcyMWFkMTEyNmZjYmU2ZjVmIn0=','2019-08-15 21:45:01.324989'),('ye7xmna6ph8lqb4u6afzmfzdgi21p8bi','NTdlOGQzMjQxNDZlNTEyMGNiMDBlZTAzODAyNmNmZDU0MDg1YTk0Zjp7Il9hdXRoX3VzZXJfaWQiOiIxIiwiX2F1dGhfdXNlcl9iYWNrZW5kIjoiZGphbmdvLmNvbnRyaWIuYXV0aC5iYWNrZW5kcy5Nb2RlbEJhY2tlbmQiLCJfYXV0aF91c2VyX2hhc2giOiJmYTBhNGIxNDc1ZTI2MzMzMGZlY2Q2NTcyMWFkMTEyNmZjYmU2ZjVmIn0=','2019-05-16 20:34:50.993505'),('yzwv894fen7xnvhonoo59igm3cm75yo6','NTdlOGQzMjQxNDZlNTEyMGNiMDBlZTAzODAyNmNmZDU0MDg1YTk0Zjp7Il9hdXRoX3VzZXJfaWQiOiIxIiwiX2F1dGhfdXNlcl9iYWNrZW5kIjoiZGphbmdvLmNvbnRyaWIuYXV0aC5iYWNrZW5kcy5Nb2RlbEJhY2tlbmQiLCJfYXV0aF91c2VyX2hhc2giOiJmYTBhNGIxNDc1ZTI2MzMzMGZlY2Q2NTcyMWFkMTEyNmZjYmU2ZjVmIn0=','2019-06-05 20:54:10.595529'),('zi3q7r46dkzr8538i16pk6qbmttjfjlz','NTdlOGQzMjQxNDZlNTEyMGNiMDBlZTAzODAyNmNmZDU0MDg1YTk0Zjp7Il9hdXRoX3VzZXJfaWQiOiIxIiwiX2F1dGhfdXNlcl9iYWNrZW5kIjoiZGphbmdvLmNvbnRyaWIuYXV0aC5iYWNrZW5kcy5Nb2RlbEJhY2tlbmQiLCJfYXV0aF91c2VyX2hhc2giOiJmYTBhNGIxNDc1ZTI2MzMzMGZlY2Q2NTcyMWFkMTEyNmZjYmU2ZjVmIn0=','2019-05-14 22:12:33.889679');
/*!40000 ALTER TABLE `django_session` ENABLE KEYS */;
UNLOCK TABLES;

--
-- Dumping data for table `empleado_cargo`
--

LOCK TABLES `empleado_cargo` WRITE;
/*!40000 ALTER TABLE `empleado_cargo` DISABLE KEYS */;
INSERT INTO `empleado_cargo` VALUES (1,'Supervisor de hielo',2),(2,'Descabezado',3),(3,'Descabezado',3),(4,'pruebaMaziza',5),(5,'Jorge',6),(6,'Javier',7);
/*!40000 ALTER TABLE `empleado_cargo` ENABLE KEYS */;
UNLOCK TABLES;

--
-- Dumping data for table `empleado_empleado`
--

LOCK TABLES `empleado_empleado` WRITE;
/*!40000 ALTER TABLE `empleado_empleado` DISABLE KEYS */;
INSERT INTO `empleado_empleado` VALUES (1,'0801-1997-17105','Jorge','94763554',1,1,1,'escoto',NULL,NULL),(2,'0801-1997-17100','Obek','94763554',1,2,1,'escoto',NULL,NULL),(118,'0611198900693','Maryori','',1,20,1,'Burke','Ortiz','yanini'),(1000,'0615199700410','Kenssy12','99999999',0,4,1,'Medina','Izaguirre','Abigail'),(1231,NULL,'Kevin','',0,7,1,'Escoto',NULL,NULL),(1232,NULL,'Kevin','',0,8,1,'Escoto',NULL,NULL),(1233,NULL,'Kevin','',0,9,1,'Escoto',NULL,NULL),(1234,'080120019850','Nicol','94763554',0,3,1,'escoto',NULL,NULL),(1235,NULL,'Kevin','',0,13,1,'Escoto',NULL,NULL),(1360,'0601198500064','Edgar','',1,19,2,'Ordoñez','Motiño','Jair'),(12311,NULL,'Kevin','',0,6,1,'Escoto',NULL,NULL),(23456,NULL,'Nicol','',0,14,1,'Giron',NULL,NULL),(23457,NULL,'Nicol','',0,15,1,'Giron',NULL,NULL),(51101,'0801199717105','Kenssy','94763554',0,5,1,'Medina','Izaguirre','Abigail'),(678956,NULL,'Obek','',0,16,1,'Escoto','Escoto','Jorge'),(678957,NULL,'Obek','94763554',0,17,1,'Escoto Ponce','Escoto Ponce','Jorge'),(909090,'9090990','Kenner2','999090909',1,18,1,'Mendez2','Ponce2','Aaron2');
/*!40000 ALTER TABLE `empleado_empleado` ENABLE KEYS */;
UNLOCK TABLES;

--
-- Dumping data for table `equipo_baseequipo`
--

LOCK TABLES `equipo_baseequipo` WRITE;
/*!40000 ALTER TABLE `equipo_baseequipo` DISABLE KEYS */;
INSERT INTO `equipo_baseequipo` VALUES (1,'Bin'),(2,'Pallet'),(3,'Canasta');
/*!40000 ALTER TABLE `equipo_baseequipo` ENABLE KEYS */;
UNLOCK TABLES;

--
-- Dumping data for table `equipo_color`
--

LOCK TABLES `equipo_color` WRITE;
/*!40000 ALTER TABLE `equipo_color` DISABLE KEYS */;
INSERT INTO `equipo_color` VALUES (1,'Blanco'),(2,'Negro'),(3,'Azul');
/*!40000 ALTER TABLE `equipo_color` ENABLE KEYS */;
UNLOCK TABLES;

--
-- Dumping data for table `equipo_equipo`
--

LOCK TABLES `equipo_equipo` WRITE;
/*!40000 ALTER TABLE `equipo_equipo` DISABLE KEYS */;
INSERT INTO `equipo_equipo` VALUES (1,11,'EQEL-1-11-2-3-1','ahora si',2,3,1,2),(2,1,'EQEL-2-1-3-1-1','',2,1,2,3),(3,2,'EQEL-1-2-2-3-1','el men que lo agg lo arreglo',1,3,1,2),(4,3,'EQEL-1-3-2-3-1','esta bueno',1,3,1,2),(5,4,'EQEL-1-4-2-3-1','esta medio bueno',1,3,1,2),(6,5,'EQEL-1-5-1-3-1','hhh',2,3,1,1),(7,7,'EQEL-1-7-2-3-1','gghh',2,3,1,2),(8,12,'EQEL-1-12-3-3-1','bin en buen estado',2,3,1,3),(9,15,'EQEL-1-15-3-3-1','jjj',1,3,1,3),(10,101,'EQEL-1-101-1-3-1','',2,3,1,1),(11,100,'EQEL-1-100-1-3-1','',2,3,1,1),(12,100,'EQEL-1-100-1-1-1','',1,1,1,1);
/*!40000 ALTER TABLE `equipo_equipo` ENABLE KEYS */;
UNLOCK TABLES;

--
-- Dumping data for table `equipo_estado`
--

LOCK TABLES `equipo_estado` WRITE;
/*!40000 ALTER TABLE `equipo_estado` DISABLE KEYS */;
INSERT INTO `equipo_estado` VALUES (1,'Asignado'),(2,'Disponible'),(3,'Fuera de Servicio');
/*!40000 ALTER TABLE `equipo_estado` ENABLE KEYS */;
UNLOCK TABLES;

--
-- Dumping data for table `equipo_tamano`
--

LOCK TABLES `equipo_tamano` WRITE;
/*!40000 ALTER TABLE `equipo_tamano` DISABLE KEYS */;
INSERT INTO `equipo_tamano` VALUES (1,'Grande'),(2,'Pequeño'),(3,'Normal');
/*!40000 ALTER TABLE `equipo_tamano` ENABLE KEYS */;
UNLOCK TABLES;

--
-- Dumping data for table `hielo_proceso_departamentoproceso`
--

LOCK TABLES `hielo_proceso_departamentoproceso` WRITE;
/*!40000 ALTER TABLE `hielo_proceso_departamentoproceso` DISABLE KEYS */;
INSERT INTO `hielo_proceso_departamentoproceso` VALUES (2,'Maquina 1'),(3,'Maquina 2'),(4,'Maquina 3'),(5,'Maquina 4'),(6,'Empaque fresco'),(7,'Descabezado'),(8,'Reenhielado'),(9,'Clasificado'),(10,'Reproceso'),(11,'Langosta'),(12,'Pelado'),(13,'Descongelado');
/*!40000 ALTER TABLE `hielo_proceso_departamentoproceso` ENABLE KEYS */;
UNLOCK TABLES;

--
-- Dumping data for table `hielo_proceso_detallehieloproceso`
--

LOCK TABLES `hielo_proceso_detallehieloproceso` WRITE;
/*!40000 ALTER TABLE `hielo_proceso_detallehieloproceso` DISABLE KEYS */;
INSERT INTO `hielo_proceso_detallehieloproceso` VALUES (16,10,2,1,0,0,0,0,0,0),(17,10,3,0,2,0,0,0,0,0),(18,11,3,3,1,0,0,0,0,0),(19,12,2,1,1,0,0,0,0,0),(20,11,2,1,3,0,0,0,0,0),(58,26,10,1,1,1,1,1,1,1),(59,27,2,0,0,0,0,0,0,0),(60,27,3,0,1,4,6,5,2,3),(61,27,4,1,2,3,1,0,1,0),(62,31,2,10,10,10,0,8,10,10);
/*!40000 ALTER TABLE `hielo_proceso_detallehieloproceso` ENABLE KEYS */;
UNLOCK TABLES;

--
-- Dumping data for table `hielo_proceso_hieloproceso`
--

LOCK TABLES `hielo_proceso_hieloproceso` WRITE;
/*!40000 ALTER TABLE `hielo_proceso_hieloproceso` DISABLE KEYS */;
INSERT INTO `hielo_proceso_hieloproceso` VALUES (10,'2019-06-29',1),(11,'2019-06-30',1),(12,'2019-06-28',1),(26,'2019-07-05',1),(27,'2019-07-04',1),(28,'2019-07-20',909090),(29,'2019-07-21',909090),(30,'2019-07-22',909090),(31,'2019-08-01',1);
/*!40000 ALTER TABLE `hielo_proceso_hieloproceso` ENABLE KEYS */;
UNLOCK TABLES;

--
-- Dumping data for table `prestamos_detalleprestamoequipo`
--

LOCK TABLES `prestamos_detalleprestamoequipo` WRITE;
/*!40000 ALTER TABLE `prestamos_detalleprestamoequipo` DISABLE KEYS */;
INSERT INTO `prestamos_detalleprestamoequipo` VALUES (21,NULL,14,3,'000011'),(25,'el thortas',16,6,'111111'),(26,'el to',12,7,'111111'),(33,NULL,15,9,'000015'),(34,'la tapita',10,8,'000013'),(37,'se presto un bin',111,5,'000012'),(38,'se prestaron 1 bin',10,1,'000001'),(39,NULL,11,2,'000001'),(41,'la tapita',10,4,'000016'),(42,'glglglgg',12,5,'000016'),(43,NULL,1,9,'018501');
/*!40000 ALTER TABLE `prestamos_detalleprestamoequipo` ENABLE KEYS */;
UNLOCK TABLES;

--
-- Dumping data for table `prestamos_estadoprestamo`
--

LOCK TABLES `prestamos_estadoprestamo` WRITE;
/*!40000 ALTER TABLE `prestamos_estadoprestamo` DISABLE KEYS */;
INSERT INTO `prestamos_estadoprestamo` VALUES (1,'Activo'),(2,'Anulado'),(3,'Asignado'),(4,'Terminado');
/*!40000 ALTER TABLE `prestamos_estadoprestamo` ENABLE KEYS */;
UNLOCK TABLES;

--
-- Dumping data for table `prestamos_prestamoequipo`
--

LOCK TABLES `prestamos_prestamoequipo` WRITE;
/*!40000 ALTER TABLE `prestamos_prestamoequipo` DISABLE KEYS */;
INSERT INTO `prestamos_prestamoequipo` VALUES ('000001','14:14:16.000000','2019-04-08',NULL,'el camion salio con las intenciones de llegar :v',1,'0000-0000-00001',1,4,'HCH0001'),('000002','01:01:00.000000','2019-06-06',NULL,'',3,'0000-0000-00001',1,2,'HCH0001'),('000011','20:11:30.000000','2019-03-24',NULL,'ese men lo hizo de nuevo',1,'0000-0000-00001',1,3,'HCH0001'),('000012','14:14:16.000000','2019-03-29',NULL,'ese men solo esta probando',1,'0000-0000-00001',1,4,'HCH0001'),('000013','20:11:30.000000','2019-03-29',NULL,'gggg',1,'0000-0000-00001',1,2,'HCH0001'),('000015','23:00:00.000000','2019-06-19','2019-07-17','sin comentarios',3,'0000-0000-00001',1,4,'HCH0001'),('000016','00:00:00.000000','2019-07-19','2019-07-24','ddddddd',3,'0801-1997-17105',909090,1,'HCH0003'),('018501','22:02:00.000000','2019-07-29','2019-07-30','',1,'0801-1997-17105',1,3,'HCH0001'),('111111','04:00:00.000000','2019-05-17',NULL,'esta mara',3,'0000-0000-00001',2,4,'HCH0001');
/*!40000 ALTER TABLE `prestamos_prestamoequipo` ENABLE KEYS */;
UNLOCK TABLES;

--
-- Dumping data for table `remision_detalleremision`
--

LOCK TABLES `remision_detalleremision` WRITE;
/*!40000 ALTER TABLE `remision_detalleremision` DISABLE KEYS */;
INSERT INTO `remision_detalleremision` VALUES (9,15,0,1,'000003',1),(101,10,0,1,'000008',1),(109,12,0,1,'000007',1),(110,13,0,2,'000007',1),(111,100,0,1,'000006',1),(115,150,0,1,'000002',1),(131,10,8,2,'000001',1),(132,11,10,1,'000001',1),(134,150,50,1,'018197',1),(135,10,0,1,'000010',1),(136,100,0,1,'000111',1);
/*!40000 ALTER TABLE `remision_detalleremision` ENABLE KEYS */;
UNLOCK TABLES;

--
-- Dumping data for table `remision_estadoremision`
--

LOCK TABLES `remision_estadoremision` WRITE;
/*!40000 ALTER TABLE `remision_estadoremision` DISABLE KEYS */;
INSERT INTO `remision_estadoremision` VALUES (1,'Activo'),(2,'Terminado'),(3,'Anulado');
/*!40000 ALTER TABLE `remision_estadoremision` ENABLE KEYS */;
UNLOCK TABLES;

--
-- Dumping data for table `remision_hielo`
--

LOCK TABLES `remision_hielo` WRITE;
/*!40000 ALTER TABLE `remision_hielo` DISABLE KEYS */;
INSERT INTO `remision_hielo` VALUES (1,'Limpio',60.00),(2,'Sucio',10.00);
/*!40000 ALTER TABLE `remision_hielo` ENABLE KEYS */;
UNLOCK TABLES;

--
-- Dumping data for table `remision_medida`
--

LOCK TABLES `remision_medida` WRITE;
/*!40000 ALTER TABLE `remision_medida` DISABLE KEYS */;
INSERT INTO `remision_medida` VALUES (1,'Masa','Quintal','Q');
/*!40000 ALTER TABLE `remision_medida` ENABLE KEYS */;
UNLOCK TABLES;

--
-- Dumping data for table `remision_remision`
--

LOCK TABLES `remision_remision` WRITE;
/*!40000 ALTER TABLE `remision_remision` DISABLE KEYS */;
INSERT INTO `remision_remision` VALUES ('000001',1,'2019-04-08',2,1,'0000-0000-00001',1,'HCH0001','000001',1,''),('000002',101010,'2019-04-01',2,1,'0000-0000-00001',1,'HCH0001','000012',1,''),('000003',101011,'2019-04-01',3,1,'0000-0000-00001',1,'HCH0001',NULL,1,NULL),('000006',100000,'2019-05-10',2,3,'0000-0000-00001',2,'HCH0001','111111',1,''),('000007',NULL,'2019-05-25',3,3,'0000-0000-00001',1,'HCH0001',NULL,1,NULL),('000008',NULL,'2019-05-04',3,1,'0000-0000-00001',1,'HCH0001',NULL,1,NULL),('000010',NULL,'2019-05-23',2,3,'0000-0000-00001',1,'HCH0001',NULL,1,''),('000111',NULL,'2019-08-13',1,1,'0000-0000-00001',1,'HCH0001',NULL,1,''),('018197',NULL,'2019-07-29',1,1,'0801-1997-17105',1,'HCH0001','018501',1,'');
/*!40000 ALTER TABLE `remision_remision` ENABLE KEYS */;
UNLOCK TABLES;

--
-- Dumping data for table `remision_tiporemision`
--

LOCK TABLES `remision_tiporemision` WRITE;
/*!40000 ALTER TABLE `remision_tiporemision` DISABLE KEYS */;
INSERT INTO `remision_tiporemision` VALUES (1,'Maquila');
/*!40000 ALTER TABLE `remision_tiporemision` ENABLE KEYS */;
UNLOCK TABLES;

--
-- Dumping data for table `vehiculo_vehiculo`
--

LOCK TABLES `vehiculo_vehiculo` WRITE;
/*!40000 ALTER TABLE `vehiculo_vehiculo` DISABLE KEYS */;
INSERT INTO `vehiculo_vehiculo` VALUES ('HCH0001','TOYOTA','CARGO',1994,1,2),('HCH0003','Toyota','Cargo',1976,2,2);
/*!40000 ALTER TABLE `vehiculo_vehiculo` ENABLE KEYS */;
UNLOCK TABLES;
/*!40103 SET TIME_ZONE=@OLD_TIME_ZONE */;

/*!40101 SET SQL_MODE=@OLD_SQL_MODE */;
/*!40014 SET FOREIGN_KEY_CHECKS=@OLD_FOREIGN_KEY_CHECKS */;
/*!40014 SET UNIQUE_CHECKS=@OLD_UNIQUE_CHECKS */;
/*!40101 SET CHARACTER_SET_CLIENT=@OLD_CHARACTER_SET_CLIENT */;
/*!40101 SET CHARACTER_SET_RESULTS=@OLD_CHARACTER_SET_RESULTS */;
/*!40101 SET COLLATION_CONNECTION=@OLD_COLLATION_CONNECTION */;
/*!40111 SET SQL_NOTES=@OLD_SQL_NOTES */;

-- Dump completed on 2019-08-19 14:58:43
